Index;PIB_USA;TC;PIB;PIB_CORR;CC;IMAE;IPC;BC;X;M;RIN;REM;DF;D_PIB;CRE;CRE_PRIV;CRE_PRIV_MN;CRE_PRIV_MX;TASA_A;TASA_P;TPM;ENCAJE;ITCER_USA;ITCER_GL;ITCER_REG;ITCER_RM;EMBI;IPC_USA;CAFE;PET;VIX;GS6M;TBILL
1/3/1990;9392.251;3.616666667;;;;;17.98254948;9.136766667;91.77386667;82.6371;;;;;;;;;;;;;;;;;;128.7;;20.39;21.9;8.28;7.9
1/6/1990;9398.499;4.133333333;;;;;19.39419735;-21.20944762;69.60045238;90.8099;;;;;;;;;;;;;;;;;;129.9;;16.7;17.09;8.05;7.73
1/9/1990;9312.937;4.2;;;;;20.6143151;-5.534809524;67.40099048;72.9358;;;;;;;;;;;;;;;;;;132.7;;33.51;17.09;7.7;7.36
1/12/1990;9269.367;5.4;;;;;23.09001915;-7.915913084;50.80498692;58.7209;;;;;;;;;;;;;;;;;;133.8;;27.28;17.09;7.03;6.74
1/3/1991;9341.642;5.3;;;;;25.21103781;15.33780566;87.33710566;71.9993;;;;;;;;;;;;;;;;;;135;;19.9;17.09;6.2;5.91
1/6/1991;9388.845;5.3;;;;;26.80712208;-2.798592854;84.25319811;87.05179097;;;;;;;;;;;;;;;;;;136;;20.19;17.09;6.02;5.57
1/9/1991;9421.565;5.3;;;;;27.46683692;-24.71183585;49.49256415;74.2044;;;;;;;;;;;;;;;;;;137.2;;21.89;17.09;5.48;5.22
1/12/1991;9534.346;5.366666667;;;;;28.02723984;-49.96308148;52.29131852;102.2544;;;;;;;;;23.2;11.9;;;;;;;;137.9;;19.5;17.09;4.26;4.07
1/3/1992;9637.732;5.4;;;;;28.45;-10.46435256;72.79194744;83.2563;;;;;;;;;22.4;12.4;;;;;;;;139.3;;18.92;17.09;4.33;4.04
1/6/1992;9732.979;5.41;;;;;28.87;-32.25712619;71.51577381;103.7729;;;;;;;;;21.7;12.3;;;;;;;;140.2;;22.39;14.43;3.9;3.66
1/9/1992;9834.51;5.543333333;;;;;29.12;-32.16237088;63.79192912;95.9543;;;;;;;;;20.9;12.1;;;;;;;;141.3;;21.88;13.4;3.04;2.91
1/12/1992;9850.973;5.815333333;;;;;29.85;-30.40070195;49.77889805;80.1796;;;;;;;;;20.7;12.8;;;;;;;;141.9;;19.41;12.8;3.47;3.22
1/3/1993;9908.347;5.843333333;;;;;30.53;-6.413355;104.948045;111.3614;;;;;;;;;20.7;11.2;;;;;;;;143.6;;20.32;13.6;3.15;2.95
1/6/1993;9955.641;6.066666667;;;;;31.85;-74.716428;62.172532;136.88896;;;;;;;;;21;11.8;;;;;;;;144.4;;19.09;13.67;3.29;3.07
1/9/1993;10091.049;6.863333333;;;;;32.98;-44.871931;67.776769;112.6487;;;;;;;;;23.2;11.4;;;;;;;;145.1;;17.5;11.48;3.15;2.95
1/12/1993;10188.954;7.106666667;;;;;33.74;-31.797261;73.867509;105.66477;;;;;;;;;23.4;11.4;;;;;;;;145.8;;14.52;13.83;3.34;3.06
1/3/1994;10327.019;7.423333333;;;;;35.6;-27.50218666;81.78761334;109.2898;;;;;;;;;23.3;11.8;;;;;;;;147.2;;14.68;15.83;3.92;3.5
1/6/1994;10387.382;8.12;;;;;38.8;-54.83979576;68.92437424;123.76417;;;;;;;;;24.6;12;;;;;;;;148;;19.06;12.72;4.72;4.14
1/9/1994;10506.372;8.863333333;;;;;40.97;-38.67700198;82.87016802;121.54717;;;;;;;;;25.7;10.9;;;;;;;;149.4;;17.45;11.86;5.24;4.62
1/12/1994;10543.644;9.233333333;;;;;43.5;-40.55017179;87.71839821;128.26857;;;;;;;;;26.1;11.1;;;;;;;;149.7;;17.16;16.69;6.5;5.6
1/3/1995;10575.1;9.14;;;;;47.62006101;-39.26867456;117.5796154;156.84829;;;;;;;;;26.1;11.8;;;121.3956088;131.3236695;123.2458368;133.2539394;;151.4;;18.54;11.65;6.17;5.73
1/6/1995;10665.06;9.183333333;;;;;50.18798326;-71.18779505;92.20556495;163.39336;;;;;;;;;26.6;11.4;;;117.9272979;129.027318;120.1920648;131.1481897;;152.5;;18.45;12.21;5.66;5.47
1/9/1995;10737.478;9.543333333;;;;;52.59275023;-49.47393546;87.84103454;137.31497;;;;;;;;;27.5;12.1;;;117.8028045;126.4197766;120.3890173;127.8480886;;153.2;;18.23;11.29;5.54;5.28
1/12/1995;10817.896;10.03333333;;;;;55.15357878;-10.65067871;98.09304129;108.74372;;;;;;;;;28.4;12.6;;;119.3039491;128.2028673;124.070156;129.17205;;153.5;;19.03;11.11;5.35;5.14
1/3/1996;10998.322;10.67333333;;;;;57.88465631;-36.09153789;116.6159621;152.7075;;;;;;;;;29.1;16.51;;;122.61622;131.2237081;125.5186;132.6872192;;155.7;;21.33;16.72;5.16;4.96
1/6/1996;11096.976;11.23;;;;;61.82875789;-47.7328097;112.0169903;159.7498;;;;;;;;;30.1;15.7;;;121.4672962;129.9760645;126.1473351;130.9493884;;156.7;;20.42;16.72;5.46;5.09
1/9/1996;11212.205;12.23;;;;;66.12045116;-70.34196812;93.05813188;163.4001;;;;;;;;;30.74;15.53;;;123.9621382;133.1739733;130.1383198;133.9424042;;157.8;;23.97;16.72;5.45;5.09
1/12/1996;11284.587;12.65;;;;;69.17783926;-18.79119934;110.7115007;129.5027;;;;;;;;;29.54;17.17;;;122.5358919;131.4621074;130.0540813;131.8158079;;158.6;;25.23;16.72;5.24;4.91
1/3/1997;11472.137;12.81666667;;;;;72.84528623;-6.2;150.5;156.7;;;;;;;;;31.79;19.01;;;117.485791;123.5729867;125.4541966;123.0921419;;160;;20.97;16.72;5.48;5.14
1/6/1997;11615.636;12.96;;;;;75.15074129;-64.7;110.5;175.2;;;;;;;;;33.18;21.89;;;116.5929023;123.1979598;125.0528807;122.7237854;;160.3;;19.26;16.72;5.34;4.93
1/9/1997;11715.393;13.08333333;;;;;77.38525928;-102.9;97.6;200.5;;;;;;;;;32.64;20.68;;;114.036194;119.3492485;120.5592396;119.03899;;161.2;;19.8;16.72;5.3;4.95
1/12/1997;11832.486;13.09333333;;;;;77.9456622;-96.6;120.6;217.2;;;;;;;;;32.12;19.25;;;113.3730902;118.3402357;119.9113715;117.938161;;161.3;;18.33;26.01;5.45;5.16
1/3/1998;11942.032;13.16;;;;;81.9039512;-64.9;162.7;227.6;;16.78247317;;;;;;;31.21;18.75;;;109.4069941;113.6389939;116.3023411;112.9789648;;162.2;;15.12;26.01;5.25;5.03
1/6/1998;12091.614;13.26666667;;;;;85.79839682;-102.4;130.6;233;;18.76291652;;;;;;;30;18.03;;;105.8300323;109.8171794;113.4115025;108.9314777;;163;;13.72;22.83;5.32;4.98
1/9/1998;12287;13.43333333;;;;;87.88394694;-99.85;100.95;200.8;;18.67863734;;;;;;;30.08;17.14;;;105.1781112;108.7885443;109.8178364;108.5312573;;163.6;;15.03;36.48;4.81;4.61
1/12/1998;12403.293;13.66333333;;;;;90.13974605;-185.85;96.45;282.3;;27.16782793;;;;;;;30.61;19.96;;;104.5590416;109.6251785;110.6279374;109.3744749;;163.9;;11.35;24.97;4.57;4.39
1/3/1999;12498.694;13.9;;;;;92.75023055;-159.1930525;121.3;280.4930525;;27.78570492;;;;;;;30.35;20.3;;;103.8605545;107.0271053;105.5681112;107.3564077;;165;;14.68;28.37;4.65;4.44
1/6/1999;12662.385;14.09666667;;;;;94.92090516;-129.0440459;93.6;222.6440459;;27.1438792;;;;;;;30.23;19.27;;;103.7612682;105.7351895;103.1318303;106.326813;;166.2;;17.92;26.62;5.03;4.57
1/9/1999;12877.593;14.28;;;;;97.14123572;-98.09571379;93.6;191.6957138;;28.39218371;;;;;;;29.9;19.12;;;103.7278188;106.0882531;101.8791394;107.0538993;;167.9;;23.8;22.93;5.08;4.68
1/12/1999;12924.179;14.44;;;;;100;-137.6327886;95.3;232.9327886;;33.97443961;;;;;;;29.46;19;;;101.9879292;104.3548759;101.3818839;105.0321387;;168.3;;26.1;22.23;5.68;5.2
1/3/2000;13160.842;14.6;26903.9;26714.9;;103.672;102.9793573;-123.8314276;133.17928;257.0107076;;29.6443;;;;;;;28.75;17.28;;;101.8562025;103.0656321;101.5220388;103.2950961;;171.2;;29.84;21.64;6.11;5.69
1/6/2000;13178.419;14.75333333;26411.9;26686.1;;98.2514;106.3;-114.7001153;134.20473;248.9048453;;26.5952;;;;;;;26.9;15.42;;;100.3834193;101.1051902;100.1518458;101.2464552;;172.4;;31.82;22.36;6.24;5.69
1/9/2000;13260.506;14.91323333;25580.5;25450.5;;99.2886;107.7;-130.9458013;101.79783;232.7436313;;30.846;;;;;;;25.41;14.87;;;101.033665;100.8749934;99.79308389;101.0354293;;173.7;;33.88;17.53;6.25;6
1/12/2000;13222.69;15.08423333;27757.9;27802.7;;109.7818;110.1;-157.2512357;109.29228;266.5435157;;36.6364;;;;;;;24.57;14.51;;;100;100;100;100;;174;;28.44;27.48;5.92;5.77
1/3/2001;13299.984;15.19773333;27539.3;28516;;108.8777;113.5;-150.1650719;116.0792368;266.2443087;;38.4599;;;;;;;24.27;14.54;;;98.99570433;98.51754307;99.53317019;98.3007193;;176.2;;27.25;28.08;4.44;4.42
1/6/2001;13244.784;15.37;27279.6;29697.5;;104.6171;116.3;-104.2626967;144.1402038;248.4029005;;36.4127;;;;;;;23.63;14.56;;;98.76486761;97.85264139;98.60527826;97.69170909;;178;;27.6;21.59;3.56;3.49
1/9/2001;13280.859;15.53333333;26057.8;28616;;101.8193;118.6;-110.6015549;96.79914964;207.4007046;;40.8674;;;;;;;23.45;14.39;;;98.01872332;97.41597741;97.97571376;97.29615128;;178.3;;26.2;21.59;2.71;2.64
1/12/2001;13397.002;15.78666667;28682.2;31586.2;;113.607;119.8;-136.3411971;108.6752843;245.0164814;1200.071124;46.2029;;;47140.78698;42189.25578;33089.29776;9099.958027;23.18;14.27;;16.6;97.95497583;97.49464838;98.76116095;97.22469932;;176.7;;19.39;21.59;1.82;1.69
1/3/2002;13478.152;16.06333333;27872.3;30475.5;;106.095;122.2;-118.6625416;106.5764765;225.2390181;1234.105236;46.8422;438.4;;48119.87148;42927.81596;33234.08679;9693.729171;23.11;14.34;;16.9;98.82460962;98.46621648;100.8347756;97.65452995;;178.8;;24.53;19.96;2.06;1.79
1/6/2002;13538.072;16.31;28331.2;32170.3;;108.8851;125.1;-110.2696551;123.6400349;233.9096901;1344.135416;50.8109;-545;;48312.50641;42336.0798;33116.24079;9219.839011;22.92;14.17;;18.3;98.57098116;98.68554768;100.6642994;98.00564788;;179.9;;25.52;19.96;1.83;1.7
1/9/2002;13559.032;16.55333333;27887;32144.6;;111.4889;127.1;-117.1343824;111.4163423;228.5507248;1279.884921;52.4389;-73.7;;49931.6396;43775.04013;34204.29904;9570.741087;22.43;13.29;;14.4;99.10204549;98.92121557;101.2582977;98.12008921;;181;;29.66;19.96;1.64;1.63
1/12/2002;13634.253;16.80333333;29581.3;34376.3;;122.7176;129.5;-137.4795419;125.1726854;262.6522273;1349.623314;62.1034;-147.3;;51195.93994;45155.45462;35145.15391;10010.30071;22.06;12.56;;13.5;98.61375883;99.18435579;101.9838517;98.22762294;;180.9;;29.46;19.96;1.27;1.19
1/3/2003;13751.543;17.03666667;29206.1;33609;;118.3521;132.8;-145.297351;135.4461873;280.7435383;1285.763809;59.0422;180.4;59.8843365;53448.8441;46566.4618;35885.74279;10680.71902;21.26;11.85;;14;99.25167222;99.78432091;100.5187467;99.53085229;;184.2;144.4;33.51;19.96;1.16;1.13
1/6/2003;13985.073;17.23666667;29352.1;35356.3;;116.6213;134.1;-134.7242376;124.393339;259.1175766;1285.299986;62.4504;60.9;61.04191231;54077.03101;47538.8017;36669.20266;10869.59904;20.65;11.42;;14.4;99.11120443;101.1269313;100.7204144;101.2683081;;183.7;145.7;30.66;19.96;0.94;0.92
1/9/2003;14145.645;17.45333333;28745.4;35146.2;;118.2305;136.4;-199.6677803;84.96679023;284.6345706;1237.352404;77.232;577.2;62.04369368;55728.57146;49180.53135;37423.52807;11757.00328;20.47;11.09;;11.7;99.54164199;100.8141678;100.1297357;101.0526433;;185.2;145.6;28.31;19.96;1.03;0.94
1/12/2003;14221.147;17.66666667;31536.8;38706.3;;132.5305;138.3;-177.3737427;123.2491405;300.6228832;1282.477777;78.9899;-2574.1;66.07591198;60117.53398;54031.60323;41038.16013;12993.4431;20.24;11.21;;15.2;98.81165263;101.6152218;100.4751642;102.0136465;;184.3;145.2;32.13;16.77;1.01;0.9
1/3/2004;14329.523;17.86;31243.5;38394.6;;132.3363;141.7;-200.2127812;147.6500979;347.8628791;1341.45423;86.0858;165.7;62.16279037;63044.78058;56106.37128;41890.75584;14215.61544;20;11.25;;14.5;99.22439219;102.0090853;100.5714742;102.4968559;;187.4;145.2;36.74;14.44;1.01;0.94
1/6/2004;14464.984;18.09756667;31422.5;40176.2;;130.5475;145.2;-173.7930588;148.6405901;322.4336489;1458.159617;92.9974;251.4;62.86116843;65678.7559;58009.8347;42841.70241;15168.13229;19.94;11.15;;14.1;99.27282986;101.6119292;101.3517361;101.6995281;;189.7;142.3;38.03;16.3;1.64;1.27
1/9/2004;14609.876;18.32733333;30365;39524.2;;123.8977;147.8;-207.9216948;99.79304518;307.71474;1529.839874;102.3641;548;64.03045932;69048.23727;59734.48843;43342.15004;16392.33839;19.72;11;;14.5;98.92912797;101.9966516;102.2306238;101.9181355;;189.9;146.3;45.94;14.91;1.91;1.65
1/12/2004;14771.602;18.5389;33216;43412.5;;146.7082;151;-277.0506198;134.6882456;411.7388655;1800.704261;113.1792;-966.6;68.10544486;73034.53527;62052.73335;44440.82343;17611.90992;19.45;10.96;;17.1;97.98001532;103.2392513;103.0827905;103.2918899;;190.3;147.8;43.15;12.97;2.5;2.19
1/3/2005;14839.782;18.72;32736.3;44659.5;;133.7933;155.2;-207.2163869;192.0035955;399.2199824;1899.409507;132.3625;-177.9;61.45686544;77866.89116;63034.66028;46542.79477;16491.86551;19.06;10.94;;16.2;97.76888943;103.3124228;103.9987124;103.0980902;;193.3;153.5;54.19;12.04;3.09;2.74
1/6/2005;14972.054;18.84;33181.7;44835.4;;136.1041;158.3;-233.911912;173.2310635;407.1429755;1978.546412;129.6709;-366.4;61.50693914;81059.51923;64743.63018;47746.81927;16996.81092;19.07;10.95;7;15.3;96.91179808;101.7163957;103.7704401;101.0805225;;194.5;164.4;56.35;12.36;3.22;2.97
1/9/2005;15066.597;18.87333333;33089.7;44899.3;;138.0176;161.6;-276.5759564;137.0258985;413.6018549;1998.917772;155.992;510.4;61.43699492;84951.62461;67888.51735;49933.44951;17955.06784;18.48;10.84;7;14.8;97.13445009;101.5676414;103.0135341;101.1183058;;198.8;163.5;65.59;13.15;3.79;3.42
1/12/2005;15267.026;18.89666667;34878.4;49353.2;;153.1155;162.7;-335.6378567;138.7859906;474.4238473;2162.798525;186.295;-662.9;56.76710202;89689.79003;71746.3478;51465.76758;20280.58022;18.36;10.77;7;13.1;95.60830473;100.4492027;103.5159891;99.50609741;;196.8;165.2;59.41;11.24;4.33;3.89
1/3/2006;15302.705;18.9;35035.4;49813.6;;149.6364;164.8;-223.6636871;206.7558212;430.4195084;2386.135691;191.2405;154.5;51.68253625;96394.83864;76416.71102;53251.74989;23164.96113;18.22;10.54;6.75;13.1;95.82886689;100.7706472;103.092798;99.97740775;;199.8;165.8;62.69;11.54;4.79;4.51
1/6/2006;15326.368;18.9;34780.1;50245.7;;150.7152;167.3;-315.3076095;195.3225064;510.6301159;2526.126108;192.3514;-132.2;51.4856308;101651.9875;80298.69635;55747.27488;24551.42147;17.6;9.4;6.5;12.6;95.86149164;100.8087773;103.2805763;99.96523984;;202.9;164.6;70.95;14.52;5.17;4.79
1/9/2006;15456.928;18.9;34936.7;49668;;149.0133;168.8;-324.4939413;141.0483433;465.5422846;2552.450879;184.3399;789.2;40.88668362;106380.1605;85380.85244;59939.28906;25441.56338;16.92;8.46;6;12.5;95.00964189;100.4653759;102.6031525;99.73426633;;202.9;164.8;63.8;11.96;5.08;4.81
1/12/2006;15493.328;18.9;37926.1;56560.9;;166.5117;171.3;-381.9019275;141.0390038;522.9409312;2613.67899;201.6683;-1382.1;40.15434537;112385.8654;92621.29579;65049.59819;27571.6976;16.6;8.04;6;13;93.11547764;99.98616122;102.8006926;99.02795256;;201.8;169;61.96;11.66;5.07;4.85
1/3/2007;15582.085;18.9;37123.1;56402.5;;164.3949;175.2;-360.9783546;229.1371613;590.1155159;2618.547926;205.3754;-608.8;26.61466345;120970.9896;99819.63864;70240.47421;29579.16444;16.94;7.72;6;12.6;92.64519752;98.65758046;101.805901;97.39771542;;205.352;173.131;60.44;15.82;5.1;4.94
1/6/2007;15666.738;18.9;37514.1;57309.1;;160.8724;177.6;-349.6957343;219.7560315;569.4517658;2684.097377;204.927;-378;25.50967217;127865.4579;105798.4954;76160.56433;29637.93103;16.6;7.56;6;16.2;92.72840479;99.01943542;101.6482272;97.96359001;;208.352;175.596;67.49;12.78;4.95;4.61
1/9/2007;15761.967;18.9;37402.8;56813.7;;158.4902;180.8;-366.8988129;201.7979981;568.696811;2523.400278;212.7144;964.3;24.77078095;134707.7074;114333.7219;84070.75327;30262.9686;16.27;7.79;6.25;16.9;91.14752484;98.37064478;101.4062922;97.15499193;;208.49;176.138;79.92;12.78;4.2;3.89
1/12/2007;15671.383;18.9;39467.7;63041.9;;178.199;186.5;-441.5412902;203.7936861;645.3349763;2514.301365;217.2438;-4955.5;24.58512797;140961.7167;122651.2725;91921.10294;30730.16956;16.46;8.07;7.5;17.3;89.01700518;97.95186806;102.2506154;96.24561405;;210.036;178.735;91.69;12.78;3.34;3
1/3/2008;15752.308;18.89573333;39268.7;62858.4;;172.2095;191.4;-401.263945;281.7915761;683.0555212;2520.614255;214.5752577;-1282.5;21.97646981;147298.4341;128485.751;95916.28409;32569.46691;16.75;8.49;7.75;18.5;88.16618198;98.37952174;102.9043524;96.58789352;;213.528;181.808;105.45;12.78;1.51;1.26
1/6/2008;15667.032;18.90480635;39972.6;66168.7;;171.5837;199.2;-522.7940389;264.3287265;787.1227653;2547.326687;233.5395;100.7;22.30665906;153483.6535;132297.5243;99025.34314;33272.18121;17.3;8.97;8.5;19.9;86.82019843;97.16109661;102.6242108;95.01280667;;218.815;189.818;133.88;12.78;2.19;1.86
1/9/2008;15328.027;18.89524562;38700;62727;;166.7533;205.6;-541.9414238;239.4025856;781.3440094;2358.47078;230.4217644;946.2;21.87926699;155148.9832;135922.1576;101655.9294;34266.22826;18.95;10.03;9;20.25674833;84.08847514;93.20365448;100.4596559;90.39103455;;218.783;192.424;104.11;12.78;1.64;1.13
1/12/2008;15155.94;18.89511135;39977.8;70662.8;;179.3905;206.7;-387.3591938;189.8391976;577.1983914;2460.010357;234.9640297;-245.6;23.10230446;156838.6012;135414.6759;101344.3393;34070.33656;20.04;11.85;7.75;21.4;80.37029252;88.6199489;98.57918757;84.84503242;;210.228;190.038;41.12;68.51;0.26;0.03
1/3/2009;15134.117;18.8951;38324.2;68344.9;-24.21938859;169.9087;208.2;-290.6798046;234.902383;525.5821876;2552.907422;218.3028407;-587.9;21.59568366;157398.5766;136653.4083;101980.3909;34673.01742;20.06;11.91;5.75;24.8;80.73291016;86.5115365;95.70073544;83.15821972;;212.709;186.39;47.94;68.51;0.43;0.21
1/6/2009;15189.222;18.8951;38187.3;68942.5;-2.321266464;163.035;210;-320.261191;216.8852299;537.1464209;2444.222793;205.9264837;-7701;22.3564233;159645.5968;135978.0081;104373.9153;31604.09279;19.6;10.1;3.5;25.84462103;81.16377218;87.94783446;94.56679324;85.48383973;;215.693;186.652;69.64;30.04;0.31;0.18
1/9/2009;15356.058;18.89510333;37386.5;66344.5;-179.0092274;157.8166;211.9;-309.6310679;171.9270182;481.5580861;2205.537272;189.4755048;1000.2;23.77099955;162999.1201;136568.7741;107335.1503;29233.62379;19.06;10.07;4.5;20.5;80.538986;87.7012904;93.05188955;85.69075761;;215.969;187.795;69.41;29.15;0.21;0.12
1/12/2009;15415.145;18.89511;40181.4;72000.3;-316.1468419;176.1639;212.8;-375.772834;199.4525866;575.2254207;2116.336142;202.1384894;-3246.55;24.66753706;167661.765;138807.9459;109401.7958;29406.15006;18.94;10.73;4.5;21.91525354;80.19093375;88.0267419;93.30938646;86.04043627;;215.949;184.224;74.47;21.92;0.17;0.05
1/3/2010;15557.277;18.89510454;39325.3;71219.5;-180.4420233;179.9082;216.5;-360.228203;278.0799922;638.3081951;2194.428959;230.640352;-309.9;23.67204852;170896.0548;139300.3271;108349.3891;30950.938;18.89;10.66;4.5;21.4;79.4343611;88.27478897;96.18745833;85.23362889;;217.631;183.704;81.2;19.26;0.23;0.15
1/6/2010;15671.967;18.8951012;39668.2;73188.1;-176.4518965;171.0049;218.9;-334.9714997;265.9370291;600.9085288;2207.943233;218.3083697;-1025;25.20525516;174919.8752;139041.8698;108722.3739;30319.49592;18.89;10.07;4.5;21;78.6840068;86.44718396;95.48618615;83.00655056;;217.965;183.914;75.34;35.54;0.19;0.12
1/9/2010;15750.625;18.8950999;38980.4;72403.1;-63.42209112;175.1815;222.6;-382.6997852;196.5200131;579.2197982;2069.749006;209.4274106;-884.3;26.07889626;174374.0024;138806.0987;108452.5541;30353.54466;18.64;9.16;4.5;20.40093872;77.54440834;86.31523157;94.77873373;83.08009703;;218.439;190.494;75.24;23.89;0.19;0.15
1/12/2010;15712.754;18.8951;41853.8;82475.3;-223.6692609;186.8913;226.6;-353.5442;288.9879916;642.5321915;2719.348869;221.2547669;-2172.2;29.66993019;183931.1943;142544.4638;107748.3868;34796.077;18.96;8.74;4.5;23.5;76.43363298;86.07141678;95.0866271;82.64023734;;219.179;188.679;89.15;21.36;0.19;0.14
1/3/2011;15825.096;18.8951;41174.7;81018.8;79.09280232;190.7132;230.8;-366.6690619;406.1286283;772.7976902;2991.026167;255.9352222;-474.8;29.47982674;197169.8153;146011.2807;108971.832;37039.44872;18.93;8.63;4.5;20.3;76.51085606;86.72133374;97.31284559;83.26278996;;223.467;201.2;102.86;21.01;0.16;0.1
1/6/2011;15820.7;18.8951;40672.5;80776.3;-242.851832;182.33;235.8;-456.3769493;390.4649915;846.8419408;3049.111822;240.1657872;-800.2;31.80845566;203522.2832;147264.9349;110387.0361;36877.89877;18.68;8.11;4.5;20.6;75.64418635;86.28275108;96.69017388;82.881178;;225.722;217.118;96.26;18.3;0.1;0.04
1/9/2011;16004.107;18.88167282;41099.8;80774.3;-554.474212;182.032;237.8;-495.357999;246.924664;742.282663;2534.708976;225.7805721;1719.6;30.71592719;202248.5079;150928.8481;114404.0357;36524.8124;18.26;7.83;5;19.8;75.51148169;85.06393961;96.25694294;81.42993188;;226.889;221.485;85.52;31.82;0.04;0.01
1/12/2011;16129.418;18.99613542;43011.3;92458.5;-626.1714289;198.6589;239.3;-439.1786484;337.1442748;776.3229232;2820.686359;228.4560485;-1076.34;32.03322379;208585.3204;158117.1505;117886.7527;40230.39781;18.1;7.92;5.5;21.23549601;74.97456817;84.34629199;97.14042305;80.24234285;;225.672;223.709;98.56;27.41;0.05;0.01
1/3/2012;16198.807;19.16366002;43220.6;90868.5;-287.175935;202.5203;243.9;-378.1515497;503.900964;882.0525137;3068.312415;257.1072438;-1019.4;32.75781343;222141.8058;164888.8929;120130.8437;44758.04918;18.14;8.17;6;19.68891035;75.67907417;85.10746817;97.26501798;81.64457523;;229.392;220.653;106.16;17.26;0.14;0.08
1/6/2012;16220.667;19.37953004;42584.6;89068.9;-215.1004483;192.2806;246.9;-356.8528024;384.808903;741.6617053;2784.462441;226.9262813;-2180.7;32.37832564;224266.42;169854.5461;124593.7193;45260.82681;18.17;8.52;7;18.89329242;75.62621189;83.90951525;97.3707175;80.11408185;;229.478;216.898;82.3;26.66;0.15;0.09
1/9/2012;16239.138;19.61612853;42162.2;86595.5;-435.9100631;188.785;250.4;-466.1963158;309.5035153;775.699831;2466.319575;225.91219;817.1;32.5483552;227057.7632;175592.9641;130907.3552;44685.60881;18.81;9.42;7;18.97745545;76.12502043;85.099219;97.36082882;81.60919946;;231.407;214.924;94.51;26.66;0.14;0.11
1/12/2012;16382.964;19.84853213;44842.9;94815.6;-576.1641605;203.0957;252.2;-453.8990844;293.217297;747.1163814;2570.930835;250.8875653;-1801.9;32.16559763;232958.6401;184805.8753;135011.8551;49794.02021;19.24;10.5;7;19.24957968;75.86856382;85.73680734;98.73276782;82.05381645;;229.601;213.91;87.86;26.66;0.12;0.07
1/3/2013;16403.18;20.07802876;43846.6;92482.4;-272.615641;196.3719;257.5;-298.1442329;381.3372343;679.4814671;3051.105498;241.5199355;-1626;35.85139922;240755.7469;189275.713;135883.6076;53392.10542;19.77;11.72;7;21.16165138;76.18493105;86.0328959;98.39355239;82.2171299;;232.773;209.945;92.94;15.36;0.11;0.09
1/6/2013;16531.685;20.299545;43918.5;93237.3;-307.1102807;194.3843;259.9;-367.5599905;319.9910738;687.5510643;2915.737989;245.282835;-1943.5;37.3541745;247940.3732;191667.5427;137567.2056;54100.33712;20.17;11.94;7;18.88639069;76.57539449;86.25319709;99.02352775;82.32118873;5.71;233.504;205.128;95.77;15.36;0.09;0.05
1/9/2013;16663.649;20.48038073;43459.3;90906.1;-527.5714253;191.3226;262.8;-443.3010918;289.9567516;733.2578434;2561.184044;258.016369;1172.6;38.05296465;255766.2117;198361.3633;142363.5794;55997.78395;20.13;11.58;7;18.92519367;76.48186601;86.19202628;98.36480393;82.42879599;7.37;234.149;200.266;106.29;15.36;0.04;0.02
1/12/2013;16621.696;20.55847937;46410;99913.6;-516.9054534;213.5742;264.6;-424.1479595;338.5436891;762.6916486;3055.936309;273.9384162;-7054.5;41.97004718;260020.0976;209938.3674;148681.415;61256.95242;20.28;11.34;7;19.4739395;75.85637324;86.22488299;98.74700803;82.36283035;6.83;233.049;197.828;97.63;15.36;0.1;0.07
1/3/2014;16830.111;20.67673406;45388.5;98806.8;-176.0728443;205.4112;272.4;-432.0801723;358.8;790.8801723;3069.078204;278.792337;-1236.63;40.72075717;272333.3841;214688.2907;149074.7661;65613.52453;20.62;11.16;7;18.78530282;75.20422159;84.72326089;96.15353924;80.9774137;6.83;236.293;197.648;100.8;15.36;0.08;0.05
1/6/2014;17033.572;20.83847725;45413.3;101806.3;-201.0217058;198.0916;276.1;-397.9586386;389.5;787.4586386;3172.983743;282.6478664;-228.9;40.68510573;276787.2255;219420.6814;152933.111;66487.57038;20.58;10.87;7;18.96845858;75.52530094;84.94678558;96.23214818;81.2438028;4.87;238.343;199.389;105.79;15.36;0.06;0.04
1/9/2014;17113.945;21.05965659;44554.5;100120.5;-290.5949599;197.7334;278.9;-498.7570192;284.8640425;783.6210617;3028.30875;304.7458611;1742.52846;40.75330668;282769.7914;224797.5962;158605.657;66191.93914;20.71;10.58;7;18.67129113;75.54421392;84.68702973;97.62605071;80.49211726;4.87;238.031;205.056;93.21;15.36;0.04;0.02
1/12/2014;17254.744;21.37289273;47710.3;113899.8;-487.6711995;221.7185;280;-407.9987236;362.7023414;770.701065;3516.483462;324.1034857;-2925;42.35177572;291095.4454;234000.0266;164548.0666;69451.95993;20.65;10.51;7;18.87929806;75.31771304;83.63777625;98.81944269;78.79866794;4.3;234.812;205.744;59.29;14.29;0.11;0.03
1/3/2015;17397.029;21.73912849;47041.1;112924.5;-179.0705223;214.0579;282.6;-435.620687;441.7893721;877.4100591;3583.920327;328.7403393;926.9;41.56886084;304791.8737;238597.4392;165955.708;72641.73121;20.67;10.05;6.5;18.39081819;76.30002057;83.07279012;100.3583985;77.6510424;4.3;236.119;206.672;47.82;14.29;0.11;0.03
1/6/2015;17438.802;21.9342667;46573.7;112250;-80.02355984;206.1342;286.1;-415.9703551;374.8623811;790.8327363;3872.492137;325.733843;-581;42.5062118;309613.254;241403.5063;170510.171;70893.3353;20.88;9.81;6.5;18.49924122;76.48068422;83.18968107;99.79795528;77.95506626;4.03;238.638;204.446;59.82;13.97;0.09;0.02
1/9/2015;17456.225;21.94929282;46243.2;111056.1;-223.0846782;204.9097;286.6;-507.161129;245.397304;752.558433;3672.577831;321.2758923;2347.757248;42.69891064;315031.0644;247589.2034;176507.1345;71082.0689;20.71;9.2;6.25;18.36394049;76.20646378;81.87948582;99.17823597;76.46352287;4.56;237.945;204.204;45.48;31.4;0.18;0.02
1/12/2015;17523.374;22.17337143;50238.4;124174.6;-273.0444055;231.3972;286.6;-464.3499133;312.9424749;777.2923882;3822.265;343.1847842;-4303.8;42.59249378;323809.178;256181.2101;182833.676;73347.53406;20.02;8.94;6.25;18.61912272;76.93375811;82.8305793;102.1622725;76.85356857;4.3;236.525;202.725;37.19;14.67;0.5;0.23
1/3/2016;17622.486;22.55613815;48954.2;118203.5;114.0811886;220.5094;289.6;-372.4952235;347.2808726;719.7760961;3825.113071;337.8792481;-376;42.42953865;333525.2226;261305.5638;186164.5598;75141.004;19.65;8.83;5.75;20.04503503;77.80814648;84.39915944;102.7405955;78.8993686;4.72;238.132;199.891;37.55;17.7;0.47;0.29
1/6/2016;17706.705;22.64665136;48514.5;121547.3;134.8475121;215.9955;293.1;-403.7755216;355.4991647;759.2746863;3955.645809;327.561286;-406.7;42.49232616;336419.0348;264273.2558;191826.4475;72446.80823;19.39;8.54;5.5;18.61772041;78.20833351;84.31524276;102.6202418;78.82571022;4.23;241.018;199.948;48.76;14.2;0.4;0.27
1/9/2016;17784.185;22.89801905;47681.9;119717.1;-272.5716229;212.3126;294.9;-556.4504457;244.2394587;800.6899044;3706.393701;325.8154081;1695.170711;41.83251153;338321.8078;271203.3188;198316.0969;72887.22189;19;8.51;5.5;17.40981835;78.62982207;84.74931939;103.2820862;79.19640994;3.58;241.428;198.406;45.18;13.48;0.47;0.29
1/12/2016;17863.023;23.23932367;52346.2;136454.1;-279.1732338;245.5799;296.1;-454.2036578;327.486815;781.6904728;3887.605015;360.5293104;-2187.836524;40.82223569;343597.3958;281456.0934;204781.6912;76674.40221;18.79;8.17;5.5;17.39883183;79.98474764;85.0167542;105.6772303;78.90980747;4.51;241.432;196.46;51.97;14.07;0.64;0.51
1/3/2017;17995.15;23.54956349;51746.8;133441.2;264.8634483;234.2152;301;-374.8233196;430.2195923;805.0429118;4480.394172;397.943874;-491.2;43.32451097;356157.5165;283997.9002;207218.8885;76779.01169;19.7;8.06;5.5;17.4;79.58335132;85.36122764;105.5993722;79.36123877;3.39;243.801;199.872;49.33;12.54;0.89;0.74
1/6/2017;18120.843;23.45882657;50262.1;131330.4;187.0010487;225.7238;303.8;-421.0435746;422.1323257;843.1759003;4522.419017;368.4154047;-162.3;44.14406783;363000.3839;287279.2995;212447.3682;74831.93128;19.39;8.05;5.5;17.3;79.05342927;85.60415953;104.7741375;79.87899694;3.23;244.955;200.383;45.18;9.89;1.11;0.98
1/9/2017;18223.758;23.396721;50348;130733.5;-197.6627289;226.0266;305.7;-557.6640076;312.8807171;870.5447247;4516.842434;351.1416735;5462.7;44.1570535;368001.2881;294301.9045;219796.6945;74505.21006;19.31;8.15;5.5;17.2;78.95458042;86.52447765;104.1159034;81.20918645;2.78;246.819;198.98;49.82;10.13;1.17;1.03
1/12/2017;18323.963;23.53079308;54596;147064.6;-307.6282172;251.0494;310.1;-437.2569312;352.796081;790.0530122;4785.640786;372.5728511;-1023.570481;44.46992709;381175.3524;304056.2173;223536.457;80519.76031;18.24;7.99;5.5;17.26508427;78.32335026;85.83173883;104.9086416;80.12900774;2.65;246.524;200.034;57.88;11.43;1.5;1.32
1/3/2018;18511.576;23.59003851;53279.8;139839.5;125.7849664;238.2004;314.1;-401.567243;414.6029214;816.1701645;4832.143437;386.3532552;-1058.09;44.44664354;397454.6083;317281.1194;231160.4057;86120.71367;18.19;8.17;5.5;17.89087795;78.47022934;86.89869416;103.5951939;81.6479944;2.63;249.554;196.691;62.73;22.47;1.92;1.7
1/6/2018;18664.973;23.80186847;52281.8;139699.7;-89.28545135;233.2777;316.4;-501.1343184;392.4162236;893.5505419;4884.741211;397.575377;-50.04;44.56282961;411759.3301;326828.3303;238562.6392;88265.69106;17.71;8.17;5.5;17.40936606;79.78000193;86.49629522;104.3160874;80.93696105;3.02;251.989;194.813;67.87;13.46;2.11;1.9
1/9/2018;18765.256;24.00769664;52084.2;137869.4;-188.4923156;232.0597;319.1;-587.4260569;282.4821191;869.9081761;4629.7832;391.5732296;5134.84;43.46446572;417063.1748;337626.7056;247369.0601;90257.64549;17.64;8.34;5.5;17.50311703;79.53306813;85.95709125;103.1791046;80.56675512;2.46;252.439;194.549;70.23;13.46;2.34;2.13
1/12/2018;18912.326;24.20837048;57058.9;155536.5;-501.1902327;264.0028;323.2;-565.6722953;300.7101114;866.3824068;4853.138645;428.4602287;-4481.03;43.43943105;430774.3773;351440.4962;256530.7431;94909.75305;17.43;8.28;5.5;17.4797456;79.08966863;84.94632011;102.2490122;79.54109685;2.9;251.233;196.204;49.52;13.46;2.54;2.37
