Index;IMAE;IPC;BC;X;M;RIN;REM;DF;D_PIB;CRE;CRE_PRIV;CRE_PRIV_MN;CRE_PRIV_MX;TASA_A;TASA_P;TPM;ENCAJE;ITCER_USA;ITCER_GL;ITCER_REG;ITCER_RM;EMBI
1/1/1990;;17.2802724;-14.46885;61.58185;76.0507;;;;;;;;;;;;;;;;;
1/2/1990;;17.80520678;17.4392;89.2534;71.8142;;;;;;;;;;;;;;;;;
1/3/1990;;17.98254948;9.136766667;91.77386667;82.6371;;;;;;;;;;;;;;;;;
1/4/1990;;18.71320139;34.705825;95.099625;60.3938;;;;;;;;;;;;;;;;;
1/5/1990;;18.95438746;-4.249885366;81.48431463;85.7342;;;;;;;;;;;;;;;;;
1/6/1990;;19.39419735;-21.20944762;69.60045238;90.8099;;;;;;;;;;;;;;;;;
1/7/1990;;20.01844364;-25.88721429;56.32148571;82.2087;;;;;;;;;;;;;;;;;
1/8/1990;;20.32347308;-17.12778095;62.72241905;79.8502;;;;;;;;;;;;;;;;;
1/9/1990;;20.6143151;-5.534809524;67.40099048;72.9358;;;;;;;;;;;;;;;;;
1/10/1990;;21.72093353;-52.01497732;47.91762268;99.9326;;;;;;;;;;;;;;;;;
1/11/1990;;22.43739803;-16.66291284;57.03898716;73.7019;;;;;;;;;;;;;;;;;
1/12/1990;;23.09001915;-7.915913084;50.80498692;58.7209;;;;;;;;;;;;;;;;;
1/1/1991;;24.0334823;0.808184906;67.13528491;66.3271;;;;;;;;;;;;;;;;;
1/2/1991;;24.87763354;9.294477358;71.76187736;62.4674;;;;;;;;;;;;;;;;;
1/3/1991;;25.21103781;15.33780566;87.33710566;71.9993;;;;;;;;;;;;;;;;;
1/4/1991;;26.03390792;13.28420363;90.44382453;77.1596209;;;;;;;;;;;;;;;;;
1/5/1991;;26.33893736;12.74535526;92.0595434;79.31418813;;;;;;;;;;;;;;;;;
1/6/1991;;26.80712208;-2.798592854;84.25319811;87.05179097;;;;;;;;;;;;;;;;;
1/7/1991;;27.23274456;-31.48059434;50.14930566;81.6299;;;;;;;;;;;;;;;;;
1/8/1991;;27.57324253;-35.84562453;44.88787547;80.7335;;;;;;;;;;;;;;;;;
1/9/1991;;27.46683692;-24.71183585;49.49256415;74.2044;;;;;;;;;;;;;;;;;
1/10/1991;;27.73639782;-33.77272453;53.09017547;86.8629;;;;;;;;;;;;;;;;;
1/11/1991;;27.96339647;-35.9967963;49.4979037;85.4947;;;;;;;;;;;;;;;;;
1/12/1991;;28.02723984;-49.96308148;52.29131852;102.2544;;;;;;;;;23.2;11.9;;;;;;;
1/1/1992;;28.07;-9.447109751;71.14199025;80.5891;;;;;;;;;22.7;12.3;;;;;;;
1/2/1992;;28.38;-8.985149599;66.8613504;75.8465;;;;;;;;;22.5;12.4;;;;;;;
1/3/1992;;28.45;-10.46435256;72.79194744;83.2563;;;;;;;;;22.4;12.4;;;;;;;
1/4/1992;;28.74;-1.679744013;83.20995599;84.8897;;;;;;;;;22.2;12.6;;;;;;;
1/5/1992;;28.85;-6.897768835;73.63983117;80.5376;;;;;;;;;21.7;12.6;;;;;;;
1/6/1992;;28.87;-32.25712619;71.51577381;103.7729;;;;;;;;;21.7;12.3;;;;;;;
1/7/1992;;29.03;-31.24682882;67.08817118;98.335;;;;;;;;;22.2;12.2;;;;;;;
1/8/1992;;29.09;-23.47009827;64.92100173;88.3911;;;;;;;;;21.2;12.2;;;;;;;
1/9/1992;;29.12;-32.16237088;63.79192912;95.9543;;;;;;;;;20.9;12.1;;;;;;;
1/10/1992;;29.24;-28.42848653;57.47461347;85.9031;;;;;;;;;21;12.1;;;;;;;
1/11/1992;;29.58;-19.81336538;59.28453462;79.0979;;;;;;;;;21;12.1;;;;;;;
1/12/1992;;29.85;-30.40070195;49.77889805;80.1796;;;;;;;;;20.7;12.8;;;;;;;
1/1/1993;;30.01;-21.916349;68.967451;90.8838;;;;;;;;;20.7;11.8;;;;;;;
1/2/1993;;30.3;-2.681634;89.297666;91.9793;;;;;;;;;20.7;11.6;;;;;;;
1/3/1993;;30.53;-6.413355;104.948045;111.3614;;;;;;;;;20.7;11.2;;;;;;;
1/4/1993;;31.12;-17.093024;74.227046;91.32007;;;;;;;;;20.7;11.8;;;;;;;
1/5/1993;;31.39;-41.129876;76.703784;117.83366;;;;;;;;;21.1;11.8;;;;;;;
1/6/1993;;31.85;-74.716428;62.172532;136.88896;;;;;;;;;21;11.8;;;;;;;
1/7/1993;;32.81;-47.410765;60.480935;107.8917;;;;;;;;;23.2;11.8;;;;;;;
1/8/1993;;33.17;-44.927261;65.706639;110.6339;;;;;;;;;23.2;11.8;;;;;;;
1/9/1993;;32.98;-44.871931;67.776769;112.6487;;;;;;;;;23.2;11.4;;;;;;;
1/10/1993;;33.21;-48.045247;59.088523;107.13377;;;;;;;;;23.4;11.4;;;;;;;
1/11/1993;;33.53;-47.761003;58.563267;106.32427;;;;;;;;;23.4;11.4;;;;;;;
1/12/1993;;33.74;-31.797261;73.867509;105.66477;;;;;;;;;23.4;11.4;;;;;;;
1/1/1994;;34.21;-36.16441587;73.17980413;109.34422;;;;;;;;;23.33;11.75;;;;;;;
1/2/1994;;35.25;-36.43202968;83.88666032;120.31869;;;;;;;;;23.02;11.61;;;;;;;
1/3/1994;;35.6;-27.50218666;81.78761334;109.2898;;;;;;;;;23.3;11.8;;;;;;;
1/4/1994;;36.59;-13.74790974;95.42895026;109.17686;;;;;;;;;23.4;11.5;;;;;;;
1/5/1994;;38.03;-61.59120325;86.31685675;147.90806;;;;;;;;;23.3;12;;;;;;;
1/6/1994;;38.8;-54.83979576;68.92437424;123.76417;;;;;;;;;24.6;12;;;;;;;
1/7/1994;;39.86;-44.8423293;88.4716007;133.31393;;;;;;;;;25.5;11.7;;;;;;;
1/8/1994;;40.7;-36.50876854;85.21767146;121.72644;;;;;;;;;25.6;13.4;;;;;;;
1/9/1994;;40.97;-38.67700198;82.87016802;121.54717;;;;;;;;;25.7;10.9;;;;;;;
1/10/1994;;41.68;-52.92817952;63.98588048;116.91406;;;;;;;;;26.2;11;;;;;;;
1/11/1994;;42.97;-50.98435791;67.71202209;118.69638;;;;;;;;;26;9.8;;;;;;;
1/12/1994;;43.5;-40.55017179;87.71839821;128.26857;;;;;;;;;26.1;11.1;;;;;;;
1/1/1995;;44.74710931;-13.92446464;96.39613536;110.3206;;;;;;;;;26.2;11.3;;;129.3748616;138.6148717;131.3401576;140.3431006;
1/2/1995;;46.96034617;-2.100671568;121.7083284;123.809;;;;;;;;;26.2;11.6;;;122.0225428;131.1635373;123.7726652;132.9237508;
1/3/1995;;47.62006101;-39.26867456;117.5796154;156.84829;;;;;;;;;26.1;11.8;;;121.3956088;131.3236695;123.2458368;133.2539394;
1/4/1995;;48.84017876;8.980404863;125.1697049;116.1893;;;;;;;;;26.1;11.8;;;118.6237474;129.5088249;119.919768;131.8190621;
1/5/1995;;49.72689225;-58.3525349;117.2050251;175.55756;;;;;;;;;26.3;11.5;;;117.1225989;127.9103596;118.782052;130.1057284;
1/6/1995;;50.18798326;-71.18779505;92.20556495;163.39336;;;;;;;;;26.6;11.4;;;117.9272979;129.027318;120.1920648;131.1481897;
1/7/1995;;50.86188551;-49.72017996;85.23578004;134.95596;;;;;;;;;26.9;11.4;;;117.9949127;129.3627655;121.2183668;131.3107742;
1/8/1995;;51.50031922;-41.93092778;100.7240822;142.65501;;;;;;;;;26.9;11.5;;;118.5761126;128.7692143;121.1838421;130.5787451;
1/9/1995;;52.59275023;-49.47393546;87.84103454;137.31497;;;;;;;;;27.5;12.1;;;117.8028045;126.4197766;120.3890173;127.8480886;
1/10/1995;;53.57168192;-36.3031603;83.9473897;120.25055;;;;;;;;;27.9;13.4;;;117.7074268;126.6139381;121.0066723;127.939046;
1/11/1995;;54.31652125;-58.57095193;94.09429807;152.66525;;;;;;;;;28.3;13.2;;;118.7378698;127.5843533;123.0965585;128.6387703;
1/12/1995;;55.15357878;-10.65067871;98.09304129;108.74372;;;;;;;;;28.4;12.6;;;119.3039491;128.2028673;124.070156;129.17205;
1/1/1996;;55.43023338;-37.47982161;108.7103784;146.1902;;;;;;;;;28.4;17.4;;;121.7343529;130.5542623;125.3970365;131.8738232;
1/2/1996;;57.00503653;-31.98578605;110.3661139;142.3519;;;;;;;;;28.6;17;;;121.2547837;129.9408899;124.3538502;131.3736672;
1/3/1996;;57.88465631;-36.09153789;116.6159621;152.7075;;;;;;;;;29.1;16.51;;;122.61622;131.2237081;125.5186;132.6872192;
1/4/1996;;59.07639923;-7.131251947;132.3782481;139.5095;;;;;;;;;29.65;16.24;;;122.2653827;130.7578444;125.631411;132.0692744;
1/5/1996;;60.31070441;-25.9181849;123.2345151;149.1527;;;;;;;;;30.24;16.57;;;121.4046811;129.906932;125.6699649;130.9862233;
1/6/1996;;61.82875789;-47.7328097;112.0169903;159.7498;;;;;;;;;30.1;15.7;;;121.4672962;129.9760645;126.1473351;130.9493884;
1/7/1996;;63.24040576;-67.24379277;113.4825072;180.7263;;;;;;;;;30.61;15.99;;;124.5898098;133.6619913;129.9487611;134.6049399;
1/8/1996;;65.01383273;-84.50219953;91.03880047;175.541;;;;;;;;;30.01;15.52;;;124.1548782;133.7389493;130.6073921;134.5319706;
1/9/1996;;66.12045116;-70.34196812;93.05813188;163.4001;;;;;;;;;30.74;15.53;;;123.9621382;133.1739733;130.1383198;133.9424042;
1/10/1996;;67.09228914;-60.29942186;98.98257814;159.282;;;;;;;;;30.16;19.36;;;123.9350701;132.8007252;130.2166287;133.4534635;
1/11/1996;;68.41881251;-36.4575;105.4042;141.8617;;;;;;;;;29.82;17.44;;;122.247225;131.3044236;128.9535668;131.8976599;
1/12/1996;;69.17783926;-18.79119934;110.7115007;129.5027;;;;;;;;;29.54;17.17;;;122.5358919;131.4621074;130.0540813;131.8158079;
1/1/1997;;70.58948712;6.4;142.2;135.8;;;;;;;;;29.11;19.98;;;121.8778966;129.2384188;129.1713404;129.2557338;
1/2/1997;;72.29907072;40.1;146.9;106.8;;;;;;;;;30.26;23.03;;;117.5235354;123.8315807;125.164172;123.4900184;
1/3/1997;;72.84528623;-6.2;150.5;156.7;;;;;;;;;31.79;19.01;;;117.485791;123.5729867;125.4541966;123.0921419;
1/4/1997;;73.2709087;-11.9;156.3;168.2;;;;;;;;;32;23.85;;;116.6750191;122.6394786;124.4255834;122.182756;
1/5/1997;;74.19309073;-44.6;127.2;171.8;;;;;;;;;32.83;23.71;;;117.7699939;124.2846869;125.7162664;123.9179255;
1/6/1997;;75.15074129;-64.7;110.5;175.2;;;;;;;;;33.18;21.89;;;116.5929023;123.1979598;125.0528807;122.7237854;
1/7/1997;;76.20061006;-103.5;94.9;198.4;;;;;;;;;32.69;22.65;;;115.2180723;121.325577;123.8459964;120.6835583;
1/8/1997;;77.14407321;-94.1;99.5;193.6;;;;;;;;;33.57;21.83;;;114.0216955;119.2982274;121.4797638;118.7416757;
1/9/1997;;77.38525928;-102.9;97.6;200.5;;;;;;;;;32.64;20.68;;;114.036194;119.3492485;120.5592396;119.03899;
1/10/1997;;77.17954175;-122.5;92.7;215.2;;;;;;;;;32.3;19.74;;;114.6238733;120.0148507;120.4949056;119.8912847;
1/11/1997;;77.77541321;-102.2;106.8;209;;;;;;;;;32.39;19.51;;;113.6753024;118.9591325;119.7586671;118.7536829;
1/12/1997;;77.9456622;-96.6;120.6;217.2;;;;;;;;;32.12;19.25;;;113.3730902;118.3402357;119.9113715;117.938161;
1/1/1998;;78.59118961;-37.6;137;174.6;;11.92890798;;;;;;;31.53;19.58;;;112.7369958;117.0942059;119.4400019;116.5116559;
1/2/1998;;80.54195928;-5.5;182.7;188.2;;12.95399166;;;;;;;31.39;18.88;;;110.6309954;115.0948337;117.7276811;114.4421384;
1/3/1998;;81.9039512;-64.9;162.7;227.6;;16.78247317;;;;;;;31.21;18.75;;;109.4069941;113.6389939;116.3023411;112.9789648;
1/4/1998;;83.32269277;-85.9;132.2;218.1;;15.00075497;;;;;;;30.63;18.48;;;107.7430235;112.0941645;115.1419388;111.3406001;
1/5/1998;;84.31581187;-46.7;186.1;232.8;;16.12455562;;;;;;;29.87;18.04;;;107.1550318;111.6626788;114.9140359;110.8597244;
1/6/1998;;85.79839682;-102.4;130.6;233;;18.76291652;;;;;;;30;18.03;;;105.8300323;109.8171794;113.4115025;108.9314777;
1/7/1998;;87.49379301;-75.05;136.55;211.6;;18.13387456;;;;;;;30.18;18.13;;;104.2967053;108.0397567;111.1927245;107.2611318;
1/8/1998;;87.62147975;-79.8;109.2;189;;18.29574224;;;;;;;29.92;17.89;;;104.6622958;107.9044268;110.6657927;107.2210091;
1/9/1998;;87.88394694;-99.85;100.95;200.8;;18.67863734;;;;;;;30.08;17.14;;;105.1781112;108.7885443;109.8178364;108.5312573;
1/10/1998;;88.37341278;-80.4;82.1;162.5;;15.93122998;;;;;;;30.18;18.5;;;105.3169664;109.8072409;109.4259596;109.9033203;
1/11/1998;;89.48712492;-137.9;76.2;214.1;;30.23908802;;;;;;;31.01;19.63;;;104.7726865;109.6130827;111.553655;109.1304735;
1/12/1998;;90.13974605;-185.85;96.45;282.3;;27.16782793;;;;;;;30.61;19.96;;;104.5590416;109.6251785;110.6279374;109.3744749;
1/1/1999;;91.68617436;-155.4917294;96;251.4917294;;20.2868086;;;;;;;30.69;19.99;;;103.7208516;108.230509;107.8982115;108.3050235;
1/2/1999;;92.47357594;-116.4004559;105.5;221.9004559;;20.85573128;;;;;;;31.13;20.59;;;103.4092344;107.2286909;107.132746;107.2501769;
1/3/1999;;92.75023055;-159.1930525;121.3;280.4930525;;27.78570492;;;;;;;30.35;20.3;;;103.8605545;107.0271053;105.5681112;107.3564077;
1/4/1999;;93.0694474;-110.4826566;97.9;208.3826566;;24.57053016;;;;;;;31.02;19.37;;;104.7798633;107.5209597;104.9661738;108.1012324;
1/5/1999;;93.80009931;-121.9380184;83.1;205.0380184;;26.8240128;;;;;;;29.96;19.35;;;104.4082909;106.824216;103.9659097;107.474646;
1/6/1999;;94.92090516;-129.0440459;93.6;222.6440459;;27.1438792;;;;;;;30.23;19.27;;;103.7612682;105.7351895;103.1318303;106.326813;
1/7/1999;;95.65155707;-139.7609541;91.7;231.4609541;;26.25102057;;;;;;;29.49;19.02;;;103.6428685;105.5899594;102.9970976;106.1791732;
1/8/1999;;96.43895864;-118.9188271;99.9;218.8188271;;28.65728563;;;;;;;29.81;18.43;;;103.4056296;105.7577573;102.0244969;106.6118669;
1/9/1999;;97.14123572;-98.09571379;93.6;191.6957138;;28.39218371;;;;;;;29.9;19.12;;;103.7278188;106.0882531;101.8791394;107.0538993;
1/10/1999;;98.02794921;-109.4444238;90.7;200.1444238;;26.30776168;;;;;;;30.03;19.29;;;103.2602425;105.9507431;102.0263627;106.8495652;
1/11/1999;;98.96431865;-115.2973338;95.8;211.0973338;;28.95064184;;;;;;;29.75;19.09;;;102.699645;105.0843383;101.70576;105.8557693;
1/12/1999;;100;-137.6327886;95.3;232.9327886;;33.97443961;;;;;;;29.46;19;;;101.9879292;104.3548759;101.3818839;105.0321387;
1/1/2000;96.0386;100.4965596;-73.39288162;130.61846;204.0113416;;20.1355;;;;;;;29.16;18.91;;;102.1367247;103.9580575;101.5706465;104.3146171;
1/2/2000;100.3128;102.014613;-112.4673229;119.09172;231.5590429;;27.3124;;;;;;;29.05;17.7;;;101.7001954;103.0766388;101.6983057;103.281345;
1/3/2000;103.672;102.9793573;-123.8314276;133.17928;257.0107076;;29.6443;;;;;;;28.75;17.28;;;101.8562025;103.0656321;101.5220388;103.2950961;
1/4/2000;91.3137;104.3;-76.64948358;117.40263;194.0521136;;26.0706;;;;;;;28.54;16.88;;;100.968676;101.9706248;100.6789054;102.162389;
1/5/2000;98.5438;105.3;-126.0694847;127.58076;253.6502447;;34.2512;;;;;;;27.29;15.97;;;100.5352548;100.8753111;100.2764427;100.9638717;
1/6/2000;98.2514;106.3;-114.7001153;134.20473;248.9048453;;26.5952;;;;;;;26.9;15.42;;;100.3834193;101.1051902;100.1518458;101.2464552;
1/7/2000;93.0855;107;-134.4002127;98.54261;232.9428227;;27.6223;;;;;;;26;15.23;;;100.2951106;100.8770275;99.63113175;101.0619549;
1/8/2000;101.5335;107.5;-149.4035298;99.83539;249.2389198;;32.3508;;;;;;;25.64;15.05;;;100.2373504;100.5190888;99.54140908;100.6639847;
1/9/2000;99.2886;107.7;-130.9458013;101.79783;232.7436313;;30.846;;;;;;;25.41;14.87;;;101.033665;100.8749934;99.79308389;101.0354293;
1/10/2000;104.8025;108.3;-139.6777096;91.6957;231.3734096;;32.2422;;;;;;;25.33;14.74;;;101.0069286;100.4849013;99.83591157;100.5809026;
1/11/2000;103.3761;109.5;-135.5934563;117.075649;252.6691053;;32.2496;;;;;;;25.25;14.65;;;100.3390914;99.85781705;99.59302491;99.89690047;
1/12/2000;109.7818;110.1;-157.2512357;109.29228;266.5435157;;36.6364;;;;;;;24.57;14.51;;;100;100;100;100;
1/1/2001;100.1418;111.1;-145.6449796;103.6819811;249.3269607;;32.0095;;;;;;;24.62;14.55;;;99.83186381;99.6983147;99.97779376;99.6383783;
1/2/2001;102.896;112.5;-116.8065518;118.0203811;234.8269328;;33.6424;;;;;;;24.31;14.51;;;99.33066667;99.10277541;99.60297776;98.99564885;
1/3/2001;108.8777;113.5;-150.1650719;116.0792368;266.2443087;;38.4599;;;;;;;24.27;14.54;;;98.99570433;98.51754307;99.53317019;98.3007193;
1/4/2001;99.0866;114.2;-134.5374391;109.8517316;244.3891707;;36.602;;;;;;;24.13;14.6;;;99.18207545;98.52276278;99.46793852;98.32089253;
1/5/2001;104.2303;115.6;-169.3055191;98.654204;267.9597231;;42.4349;;;;;;;23.98;14.63;;;98.80973476;98.04828847;98.76798743;97.89436648;
1/6/2001;104.6171;116.3;-104.2626967;144.1402038;248.4029005;;36.4127;;;;;;;23.63;14.56;;;98.76486761;97.85264139;98.60527826;97.69170909;
1/7/2001;99.7508;116.9;-168.972612;98.37862576;267.3512377;;40.379;;;;;;;23.44;14.51;;;98.36294798;97.45754124;98.65246563;97.20273907;
1/8/2001;102.928;117.7;-142.9878438;106.9751058;249.9629495;;43.476;;;;;;;23.47;14.48;;;97.88358875;97.43125263;98.4969468;97.20382626;
1/9/2001;101.8193;118.6;-110.6015549;96.79914964;207.4007046;;40.8674;;;;;;;23.45;14.39;;;98.01872332;97.41597741;97.97571376;97.29615128;
1/10/2001;109.296;118.8;-115.4610359;102.3629055;217.8239414;;47.8186;;;;;;;23.27;14.3;;;98.08742144;97.35420595;97.44445646;97.33482901;
1/11/2001;107.967;119.4;-123.7912854;120.8369576;244.628243;;43.9864;;;;;;;23.42;14.38;;;98.17539288;97.56330699;98.40703206;97.38300182;
1/12/2001;113.607;119.8;-136.3411971;108.6752843;245.0164814;1200.071124;46.2029;;;47140.78698;42189.25578;33089.29776;9099.958027;23.18;14.27;;16.6;97.95497583;97.49464838;98.76116095;97.22469932;
1/1/2002;102.3209;120.2;-149.6410052;94.98568659;244.6266918;1171.488389;46.5933;388;;47399.64921;42270.62013;33007.7761;9262.844029;23.13;14.42;;16.2;98.40457317;97.98051761;100.0743832;97.26169257;
1/2/2002;104.4319;121.5;-103.9626391;111.09054;215.0531791;1194.543796;45.3492;58.4;;47355.34257;42544.85475;33057.9409;9486.913851;23.08;14.32;;16.3;98.34847446;97.86595619;100.3387532;97.01922573;
1/3/2002;106.095;122.2;-118.6625416;106.5764765;225.2390181;1234.105236;46.8422;438.4;;48119.87148;42927.81596;33234.08679;9693.729171;23.11;14.34;;16.9;98.82460962;98.46621648;100.8347756;97.65452995;
1/4/2002;105.9676;123.1;-142.2475844;120.3265978;262.5741821;1317.461702;57.7145;-249.3;;48282.53732;42985.76773;33376.789;9608.978727;23.08;14.32;;17.8;99.13943204;98.81644206;101.2207827;97.99264401;
1/5/2002;111.1092;123.7;-127.5012264;123.5188621;251.0200884;1309.076041;61.249;789.9;;48250.79099;42658.40694;33039.04688;9619.360058;22.89;14.28;;18.5;99.14486393;99.02890365;101.0778246;98.32519151;
1/6/2002;108.8851;125.1;-110.2696551;123.6400349;233.9096901;1344.135416;50.8109;-545;;48312.50641;42336.0798;33116.24079;9219.839011;22.92;14.17;;18.3;98.57098116;98.68554768;100.6642994;98.00564788;
1/7/2002;109.4829;126.1;-144.6603363;106.586584;251.2469203;1333.0964;58.1346;241.6;;49140.78374;42822.98193;33479.78645;9343.19548;22.81;13.83;;16;98.37584996;98.83777254;101.0094379;98.09253545;
1/8/2002;111.6277;126.9;-147.4769073;111.1215865;258.5984938;1303.188699;57.0848;-160.5;;49534.77752;43194.91148;33681.72996;9513.181521;22.63;13.62;;15.8;98.55775466;98.87433035;101.2060074;98.07503385;
1/9/2002;111.4889;127.1;-117.1343824;111.4163423;228.5507248;1279.884921;52.4389;-73.7;;49931.6396;43775.04013;34204.29904;9570.741087;22.43;13.29;;14.4;99.10204549;98.92121557;101.2582977;98.12008921;
1/10/2002;117.9075;127.8;-173.6689715;96.52768391;270.1966554;1245.501158;56.7077;-283;;50308.14228;44301.07393;34562.18463;9738.8893;22.07;12.97;;13;99.2565472;99.06287547;101.6557081;98.17557282;
1/11/2002;117.5262;128.6;-180.5381453;93.61327587;274.1514212;1240.568913;51.8579;-288;;50661.9774;44837.60424;34836.85003;10000.75422;22.09;12.82;;12.9;99.05180397;99.32235492;102.1069322;98.37060199;
1/12/2002;122.7176;129.5;-137.4795419;125.1726854;262.6522273;1349.623314;62.1034;-147.3;;51195.93994;45155.45462;35145.15391;10010.30071;22.06;12.56;;13.5;98.61375883;99.18435579;101.9838517;98.22762294;
1/1/2003;109.1371;130.6;-138.006445;113.1778538;251.1842988;1302.437925;51.7028;420.6;59.95622311;51817.81776;45323.64301;35071.9128;10251.73021;21.82;12.44;;15.6;98.68107469;99.64618427;101.4483717;99.02863095;
1/2/2003;111.9761;132.3;-99.44917742;120.1248303;219.5740077;1279.325986;55.2065;229.2;60.00567891;52735.86708;45788.79122;35317.51999;10471.27123;21.4;12.21;;14;98.62666837;99.31806107;100.8438166;98.79428664;
1/3/2003;118.3521;132.8;-145.297351;135.4461873;280.7435383;1285.763809;59.0422;180.4;59.8843365;53448.8441;46566.4618;35885.74279;10680.71902;21.26;11.85;;14;99.25167222;99.78432091;100.5187467;99.53085229;
1/4/2003;108.2713;133.5;-127.8666706;97.7524121;225.6190827;1260.310839;62.7343;764.7;60.54839218;53700.48707;47008.552;36297.71856;10710.83344;21.15;11.64;;14.7;98.91990101;99.92546403;100.4717661;99.73668247;
1/5/2003;116.4152;133.7;-160.2551864;125.6976988;285.9528853;1233.977596;66.4262;-78;61.31651585;53803.68718;47210.57855;36432.0718;10778.50675;21.02;11.49;;11.7;98.89770442;100.9369983;100.5584159;101.0686362;
1/6/2003;116.6213;134.1;-134.7242376;124.393339;259.1175766;1285.299986;62.4504;60.9;61.04191231;54077.03101;47538.8017;36669.20266;10869.59904;20.65;11.42;;14.4;99.11120443;101.1269313;100.7204144;101.2683081;
1/7/2003;114.9263;134.6;-168.8032544;113.7907335;282.5939879;1266.000576;68.626;-163.3;61.44272837;54639.54654;48027.69833;36901.39578;11126.30255;20.62;11.27;;11.7;99.30765201;100.9189041;100.6075628;101.0271127;
1/8/2003;115.5748;135.8;-152.4143887;111.3958388;263.8102274;1231.211711;71.417;106.2;61.03736704;55243.98846;48699.38177;37357.3521;11342.02967;20.55;11.21;;12.4;99.20273147;100.3485306;100.3083682;100.362464;
1/9/2003;118.2305;136.4;-199.6677803;84.96679023;284.6345706;1237.352404;77.232;577.2;62.04369368;55728.57146;49180.53135;37423.52807;11757.00328;20.47;11.09;;11.7;99.54164199;100.8141678;100.1297357;101.0526433;
1/10/2003;126.5874;137;-186.2276734;99.83323005;286.0609034;1218.521111;80.9125;72.7;62.32330212;55981.42314;49678.25359;37923.52164;11754.73195;20.43;11.15;;13.2;99.39398459;101.1576776;99.76412278;101.6455427;
1/11/2003;122.4429;137.9;-201.6051373;89.27189019;290.8770275;1204.576978;67.6022;-425.7;62.88221214;57337.60383;51187.33889;38797.92146;12389.41743;20.05;10.84;;15.3;98.87008922;100.8935726;99.80892512;101.2725119;
1/12/2003;132.5305;138.3;-177.3737427;123.2491405;300.6228832;1282.477777;78.9899;-2574.1;66.07591198;60117.53398;54031.60323;41038.16013;12993.4431;20.24;11.21;;15.2;98.81165263;101.6152218;100.4751642;102.0136465;
1/1/2004;115.0155;139.6;-169.4532787;112.0843211;281.5375998;1225.485056;61.2017;446.5;61.46801917;60887.671;54468.8571;41065.24319;13403.61391;20.24;11.24;;13.2;98.64693429;102.0108612;100.162787;102.6396111;
1/2/2004;120.481;141.2;-149.7965273;140.5092299;290.3057572;1282.303179;68.6207;-25.8;61.50249789;61647.24765;55252.15806;41408.35113;13843.80692;20.12;11.29;;14.16;98.4969328;101.6852961;100.0457811;102.2423365;
1/3/2004;132.3363;141.7;-200.2127812;147.6500979;347.8628791;1341.45423;86.0858;165.7;62.16279037;63044.78058;56106.37128;41890.75584;14215.61544;20;11.25;;14.5;99.22439219;102.0090853;100.5714742;102.4968559;
1/4/2004;118.2144;143.2;-180.9942782;130.710311;311.7045892;1362.964505;79.4737;1515.4;61.84396567;63656.41598;56717.83909;42226.84414;14490.99494;20.17;11.22;;14.9;98.9622386;101.5242927;100.7309887;101.792317;
1/5/2004;128.5911;144.3;-155.3336148;145.9858507;301.3194655;1375.496512;86.9796;-113.3;62.01369782;64269.36235;57479.78198;42525.07954;14954.70244;19.98;11.17;;13.3;99.19350781;101.2574447;101.1258141;101.3017233;
1/6/2004;130.5475;145.2;-173.7930588;148.6405901;322.4336489;1458.159617;92.9974;251.4;62.86116843;65678.7559;58009.8347;42841.70241;15168.13229;19.94;11.15;;14.1;99.27282986;101.6119292;101.3517361;101.6995281;
1/7/2004;123.0381;147.1;-177.4631028;145.5108679;322.9739708;1473.210748;89.5408;127.3;63.20816862;66994.01193;58443.20325;42933.18839;15510.01487;19.82;11.05;;13.2;98.22277903;100.9437804;101.0671449;100.9023522;
1/8/2004;124.6489;147.6;-228.7001009;124.3193534;353.0194543;1511.325159;97.3145;182.8;63.87766633;68126.58354;59154.47956;43298.54486;15855.9347;19.68;11.01;;13.1;98.41959964;101.2710061;101.4729844;101.2032129;
1/9/2004;123.8977;147.8;-207.9216948;99.79304518;307.71474;1529.839874;102.3641;548;64.03045932;69048.23727;59734.48843;43342.15004;16392.33839;19.72;11;;14.5;98.92912797;101.9966516;102.2306238;101.9181355;
1/10/2004;130.782;149.1;-177.5210407;120.8216667;298.3427075;1531.51046;91.5508;290.6;64.87544935;70259.6732;60793.42137;43925.64072;16867.78064;19.71815351;10.85;;14.1;98.98831936;102.508288;102.7067034;102.441688;
1/11/2004;135.8854;150.4;-269.9184021;98.32517216;368.2435743;1623.62795;104.4922;166.3;66.2399227;71280.85776;61572.10693;44400.75816;17171.34877;19.67380054;10.94505865;;15.4;98.46718742;102.880205;102.9039299;102.8722324;
1/12/2004;146.7082;151;-277.0506198;134.6882456;411.7388655;1800.704261;113.1792;-966.6;68.10544486;73034.53527;62052.73335;44440.82343;17611.90992;19.45;10.96;;17.1;97.98001532;103.2392513;103.0827905;103.2918899;
1/1/2005;128.8818;152.2;-222.9784172;141.8821943;364.8606115;1800.11965;117.8521;304.1;61.55101158;75603.61914;61841.89498;45594.9301;16246.96488;19.36;10.98;;15.6;97.77863097;103.3449264;103.9614057;103.1523107;
1/2/2005;129.077;154;-171.8957402;154.3801581;326.2758983;1855.412377;107.3321;-96.1;62.14091787;77147.73166;62799.29439;46403.4258;16395.86859;19.333;10.94;;15.3;97.55778507;103.0649403;103.7765155;102.8427488;
1/3/2005;133.7933;155.2;-207.2163869;192.0035955;399.2199824;1899.409507;132.3625;-177.9;61.45686544;77866.89116;63034.66028;46542.79477;16491.86551;19.06;10.94;;16.2;97.76888943;103.3124228;103.9987124;103.0980902;
1/4/2005;133.7965;156.6;-219.4297069;183.6755003;403.1052072;1933.789959;127.2801;1397.9;62.32014862;79379.44503;63689.79742;47154.96036;16534.83706;18.94;10.96;;15.7;97.75436209;102.9874632;103.9252467;102.6950575;
1/5/2005;133.4967;157.2;-220.2599921;188.8370387;409.0970308;1938.448774;144.1047;547.6;61.39122138;79684.7584;64194.40537;47423.34312;16771.06225;19.05;10.96;7;15;97.48804151;102.8253741;104.2910027;102.3699105;
1/6/2005;136.1041;158.3;-233.911912;173.2310635;407.1429755;1978.546412;129.6709;-366.4;61.50693914;81059.51923;64743.63018;47746.81927;16996.81092;19.07;10.95;7;15.3;96.91179808;101.7163957;103.7704401;101.0805225;
1/7/2005;132.3046;159.7;-275.6226225;142.0561386;417.6787611;1996.786854;137.0876;159.3;61.42110708;82518.26168;65777.81457;48253.04127;17524.77331;18.8;10.9;7;14.9;96.55790084;101.1857421;103.5458655;100.4565883;
1/8/2005;136.087;161;-288.4049942;116.6820666;405.0870608;1958.288812;163.8615;26.8;61.72381538;83520.10616;66670.5585;49108.30855;17562.24995;18.49;10.89;7;14.8;96.26840577;101.1266683;103.0555965;100.5290958;
1/9/2005;138.0176;161.6;-276.5759564;137.0258985;413.6018549;1998.917772;155.992;510.4;61.43699492;84951.62461;67888.51735;49933.44951;17955.06784;18.48;10.84;7;14.8;97.13445009;101.5676414;103.0135341;101.1183058;
1/10/2005;142.0613;161.7;-304.1136722;128.7172509;432.8309231;2046.096741;151.3459;412.1;61.83609037;86299.54746;69199.66151;50767.65722;18432.00429;18.39;10.83;7;13.7;97.32121996;101.6545981;104.1038008;100.8982977;
1/11/2005;141.104;162;-267.3126992;131.9064399;399.2191391;2084.472929;165.7321;-94;55.97698493;88142.02838;71027.15899;51950.5283;19076.63069;18.64;10.81;7;13.1;96.41175803;100.8852083;103.8796032;99.96386438;
1/12/2005;153.1155;162.7;-335.6378567;138.7859906;474.4238473;2162.798525;186.295;-662.9;56.76710202;89689.79003;71746.3478;51465.76758;20280.58022;18.36;10.77;7;13.1;95.60830473;100.4492027;103.5159891;99.50609741;
1/1/2006;139.3228;163.3;-243.7062243;174.2962606;418.0024849;2206.326266;153.2266;358;51.79930837;91347.58038;73528.73946;52045.17175;21483.56771;18.39;10.72;7;12.8;95.9830632;101.1154882;103.4174228;100.3290099;
1/2/2006;138.6567;164.4431;-186.5272473;179.3510097;365.8782569;2270.213187;162.9607;341.5;50.78866845;93380.23203;74776.78508;52841.80705;21934.97803;18.42;10.65;7;13;95.5081182;100.5910804;103.0190657;99.76228606;
1/3/2006;149.6364;164.8;-223.6636871;206.7558212;430.4195084;2386.135691;191.2405;154.5;51.68253625;96394.83864;76416.71102;53251.74989;23164.96113;18.22;10.54;6.75;13.1;95.82886689;100.7706472;103.092798;99.97740775;
1/4/2006;134.5118;165.7;-267.6822499;152.975188;420.6574379;2489.585117;167.1068;1434.7;52.3750155;98855.93005;78453.17153;54493.90752;23959.26401;18.01;10.24;6.5;12.7;96.11930424;101.0911003;103.3713017;100.3119396;
1/5/2006;148.9384;166.8;-253.4107069;226.9080064;480.3187133;2497.146565;208.2481;1481.3;52.76183017;100794.0099;80234.81888;55477.17199;24757.64689;17.65;9.8;6.5;12.4;95.959297;101.3546734;103.2020787;100.7215921;
1/6/2006;150.7152;167.3;-315.3076095;195.3225064;510.6301159;2526.126108;192.3514;-132.2;51.4856308;101651.9875;80298.69635;55747.27488;24551.42147;17.6;9.4;6.5;12.6;95.86149164;100.8087773;103.2805763;99.96523984;
1/7/2006;143.3522;168.2;-299.8838994;179.0852891;478.9691885;2495.506819;188.2809;-132.6;41.51180652;102942.2321;81356.73201;56786.45091;24570.2811;17.25;9.09;6.5;12.2;95.63051587;100.8352622;103.4557707;99.94183985;
1/8/2006;148.8988;168.8;-334.626692;162.2085837;496.8352757;2597.615064;209.0192;-593.6;41.14935967;104763.937;84280.72003;59311.54299;24969.17704;17.07;8.73;6.5;12.4;95.47790036;100.9103458;103.0944039;100.1635882;
1/9/2006;149.0133;168.8;-324.4939413;141.0483433;465.5422846;2552.450879;184.3399;789.2;40.88668362;106380.1605;85380.85244;59939.28906;25441.56338;16.92;8.46;6;12.5;95.00964189;100.4653759;102.6031525;99.73426633;
1/10/2006;158.998;169;-369.8052919;153.8877557;523.6930476;2538.515423;197.506;139.2;39.34905607;108247.173;88679.79879;62453.58393;26226.21486;16.72;8.2;6;12.7;94.38272971;100.0468224;102.3954946;99.24475187;
1/11/2006;163.1067;169.9;-346.1119124;183.0985063;529.2104187;2506.75166;195.8039;-1217.8;39.31833202;110340.5057;91037.73416;64106.85758;26930.87658;16.39;8.11;6;12.5;93.7431943;99.97893209;102.5679443;99.09619424;
1/12/2006;166.5117;171.3;-381.9019275;141.0390038;522.9409312;2613.67899;201.6683;-1382.1;40.15434537;112385.8654;92621.29579;65049.59819;27571.6976;16.6;8.04;6;13;93.11547764;99.98616122;102.8006926;99.02795256;
1/1/2007;150.0783;172.4;-273.6213671;196.2883256;469.9096927;2578.690422;180.5721;785.1;26.18602778;115323.2492;94990.76362;66703.78537;28286.97826;17.16;7.96;6;12.35;92.80377732;98.86214607;102.4863487;97.4165454;
1/2/2007;156.3861;173.9807998;-323.1425276;190.4845139;513.6270415;2648.200182;182.6974;0;26.45862699;118204.1918;97347.2786;68227.9494;29119.3292;17;7.83;6;12.6;92.45257951;98.44425633;101.6931988;97.14509624;
1/3/2007;164.3949;175.2;-360.9783546;229.1371613;590.1155159;2618.547926;205.3754;-608.8;26.61466345;120970.9896;99819.63864;70240.47421;29579.16444;16.94;7.72;6;12.6;92.64519752;98.65758046;101.805901;97.39771542;
1/4/2007;150.2028;176.2;-354.6062076;193.0135017;547.6197093;2659.958713;195.7302;3054.7;26.88572757;123702.9424;102274.8835;72281.24308;29993.64037;16.74;7.64;6;12.7;92.71782447;98.9935789;101.8324786;97.85501234;
1/5/2007;161.6483;176.9;-355.3526462;251.8774799;607.2301261;2639.767384;222.848;-245.6;25.98059669;124174.0179;104150.7678;74514.50982;29636.25794;16.7;7.6;6;12.7;92.91526712;99.15902535;101.6360478;98.16306284;
1/6/2007;160.8724;177.6;-349.6957343;219.7560315;569.4517658;2684.097377;204.927;-378;25.50967217;127865.4579;105798.4954;76160.56433;29637.93103;16.6;7.56;6;16.2;92.72840479;99.01943542;101.6482272;97.96359001;
1/7/2007;157.7237;178.8;-432.9859674;231.6439119;664.6298794;2635.396929;219.4742;1083.8;25.06385764;129378.8259;108597.5132;79023.42603;29574.08719;16.42;7.64;6;16.5;92.08263682;98.8964342;101.6236005;97.80185101;
1/8/2007;163.926;180.1;-464.7739623;213.5714764;678.3454387;2566.929953;232.769;-732;24.96276293;132321.0811;111641.3131;81725.10911;29916.20401;16.24;7.7;6.25;16.7;91.2503132;98.05857812;101.2984807;96.76306617;
1/9/2007;158.4902;180.8;-366.8988129;201.7979981;568.696811;2523.400278;212.7144;964.3;24.77078095;134707.7074;114333.7219;84070.75327;30262.9686;16.27;7.79;6.25;16.9;91.14752484;98.37064478;101.4062922;97.15499193;
1/10/2007;167.3081;183;-473.9588157;192.062885;666.0217007;2432.721463;231.1847;618.2;24.30022577;136457.8094;117421.4594;87331.05429;30090.4051;16.28;7.87;6.75;16.8;90.24440019;98.04529883;100.6996751;96.97956228;
1/11/2007;165.822;186.2;-497.8098805;205.5656753;703.3755558;2366.82849;204.6118;-690.5;24.40132198;138995.1816;120135.0767;89615.28185;30519.79482;16.35;7.97;7;16.7;89.22028138;97.80018643;101.1932006;96.44498345;
1/12/2007;178.199;186.5;-441.5412902;203.7936861;645.3349763;2514.301365;217.2438;-4955.5;24.58512797;140961.7167;122651.2725;91921.10294;30730.16956;16.46;8.07;7.5;17.3;89.01700518;97.95186806;102.2506154;96.24561405;
1/1/2008;162.6304;187.7;-439.2828422;215.1296391;654.4124812;2426.456913;197.0035;734.2;21.94132073;142747.1265;124443.8947;92272.57919;32171.31555;16.4;8.18;7.5;16.5;88.86449554;97.877371;102.6233533;96.00134247;
1/2/2008;169.6817;189.7;-403.7239301;261.8295192;665.5534493;2497.912613;209.7058;0;21.79425324;145367.0787;127016.8082;94356.42965;32660.37859;16.67;8.36;7.75;17.1;88.1829521;97.60067434;102.4175387;95.69773622;
1/3/2008;172.2095;191.4;-401.263945;281.7915761;683.0555212;2520.614255;214.5752577;-1282.5;21.97646981;147298.4341;128485.751;95916.28409;32569.46691;16.75;8.49;7.75;18.5;88.16618198;98.37952174;102.9043524;96.58789352;
1/4/2008;170.5427;193.3;-488.6455458;250.4995986;739.1451444;2593.063537;231.3215973;3254.3;22.32776463;150012.8898;129971.8951;96661.76469;33310.13039;16.94;8.68;7.75;19;87.85969969;98.48452623;103.4281402;96.5326258;
1/5/2008;170.1078;196.8;-582.6849525;274.1034288;856.7883813;2512.644016;239.658;-1116.4;21.74076024;150618.8004;130545.6832;97080.29189;33465.39129;17.04;8.83;8;19.6;87.06210611;97.53071944;103.0222874;95.37135433;
1/6/2008;171.5837;199.2;-522.7940389;264.3287265;787.1227653;2547.326687;233.5395;100.7;22.30665906;153483.6535;132297.5243;99025.34314;33272.18121;17.3;8.97;8.5;19.9;86.82019843;97.16109661;102.6242108;95.01280667;
1/7/2008;161.6472;203.4;-588.628068;247.9278599;836.5559279;2441.118132;243.1007847;-553;22.21805987;153265.2302;132988.9289;99736.93953;33251.9894;17.69;9.2;9;20.23237478;85.45811756;95.91523852;101.4757125;93.73121863;
1/8/2008;163.3732;205.3;-605.2354316;234.0726859;839.3081174;2386.981303;232.8714111;101.7;22.10381237;154482.6027;134678.3304;101082.9922;33595.33816;18.58;9.6;9;20.22426426;84.32831882;94.32071616;100.7594703;91.80901816;
1/9/2008;166.7533;205.6;-541.9414238;239.4025856;781.3440094;2358.47078;230.4217644;946.2;21.87926699;155148.9832;135922.1576;101655.9294;34266.22826;18.95;10.03;9;20.25674833;84.08847514;93.20365448;100.4596559;90.39103455;
1/10/2008;174.8992;206.9;-525.8401382;207.9278665;733.7680047;2336.511896;233.1109558;-172.4;21.56157396;154973.5668;135405.5767;101234.9415;34170.63522;19.26;10.61;9;19.96808834;82.71603848;90.15256667;99.58395638;86.559861;
1/11/2008;168.0674;206.5;-493.0899715;166.1316014;659.2215729;2330.816058;206.8084314;-904;22.21124015;156813.3278;136022.032;102099.6826;33922.34934;19.66;11.13;9;19.25182301;81.28892544;88.77595569;99.2312806;84.82661989;
1/12/2008;179.3905;206.7;-387.3591938;189.8391976;577.1983914;2460.010357;234.9640297;-245.6;23.10230446;156838.6012;135414.6759;101344.3393;34070.33656;20.04;11.85;7.75;21.4;80.37029252;88.6199489;98.57918757;84.84503242;
1/1/2009;157.2631;206.6;-316.838951;178.1559117;494.9948628;2421.723321;187.4143893;211.2;21.38411306;156602.1642;136476.4233;101814.9739;34661.44942;19.58;12.17;6.75;23;80.75916829;87.76684872;97.64145171;84.1777522;
1/2/2009;159.3296;208.2;-299.9566133;197.616133;497.5727463;2437.428312;203.890035;-471.5;21.51351182;157591.4302;136662.7318;102085.578;34577.15381;19.94;12.17;6.75;24.2;80.53706428;86.44435159;96.25497594;82.88071949;
1/3/2009;169.9087;208.2;-290.6798046;234.902383;525.5821876;2552.907422;218.3028407;-587.9;21.59568366;157398.5766;136653.4083;101980.3909;34673.01742;20.06;11.91;5.75;24.8;80.73291016;86.5115365;95.70073544;83.15821972;
1/4/2009;156.1828;208.9;-319.3443613;190.2245743;509.5689356;2589.066373;196.7268286;2766.2;21.46235008;156861.6402;136348.8721;102431.3284;33917.54365;19.94;11.28;4.5;26.6;80.66324715;87.10623695;95.34661135;84.07677672;
1/5/2009;164.1706;208.9;-254.8274007;231.7310302;486.5584309;2534.20798;204.8792219;3970.4;21.94187688;157782.815;136153.7429;103521.4121;32632.3309;19.82;10.58;4.5;26.5;80.89626422;87.78405487;95.17613876;85.04819816;
1/6/2009;163.035;210;-320.261191;216.8852299;537.1464209;2444.222793;205.9264837;-7701;22.3564233;159645.5968;135978.0081;104373.9153;31604.09279;19.6;10.1;3.5;25.84462103;81.16377218;87.94783446;94.56679324;85.48383973;
1/7/2009;155.4225;211.5;-316.4135814;211.1316762;527.5452576;2204.973013;205.2153636;2395.9;22.7068241;161180.2032;137149.6552;106622.0291;30527.62611;19.32;9.88;4;21.1;80.46036309;87.27365792;93.67241493;84.88861678;
1/8/2009;159.8914;211.7;-330.2067622;184.9582097;515.1649719;2253.074196;201.130297;-2984.4;23.57765137;162743.001;135881.4195;106230.9051;29650.51445;19.07;9.95;4.5;20.5;80.56463956;87.6060002;93.22739814;85.4981021;
1/9/2009;157.8166;211.9;-309.6310679;171.9270182;481.5580861;2205.537272;189.4755048;1000.2;23.77099955;162999.1201;136568.7741;107335.1503;29233.62379;19.06;10.07;4.5;20.5;80.538986;87.7012904;93.05188955;85.69075761;
1/10/2009;166.3253;212.4;-340.9636268;181.8802704;522.8438972;2147.399272;200.9588863;-1470.3;24.00686301;164463.6886;138011.8378;108541.6774;29470.16047;19.12;10.39;4.5;21.17793835;80.42677788;87.8762683;92.65736499;86.07186653;
1/11/2009;163.9713;212.9;-386.889537;163.0869818;549.9765188;2066.798959;186.7758644;-3246.55;24.41490404;166394.2182;138932.4894;109747.2457;29185.24374;18.97;10.6;4.5;20.81353778;80.29468259;88.09322331;93.31608825;86.128456;
1/12/2009;176.1639;212.8;-375.772834;199.4525866;575.2254207;2116.336142;202.1384894;-3246.55;24.66753706;167661.765;138807.9459;109401.7958;29406.15006;18.94;10.73;4.5;21.91525354;80.19093375;88.0267419;93.30938646;86.04043627;
1/1/2010;165.2827;214;-290.9685568;217.171742;508.1402988;2077.232166;154.5222447;-254.3;22.10344584;166080.485;139130.1185;108795.1557;30334.96286;19.07;10.8;4.5;21.5;80.01377863;88.25898272;94.15325008;85.95925415;
1/2/2010;166.9109;215.5;-273.5631936;256.1244809;529.6876745;2139.213679;187.1789668;-1078.4;23.09667154;168922.0443;139065.2199;108393.4347;30671.78519;19.06;10.75;4.5;21.1;79.47659734;87.77963839;95.04599671;84.97433702;
1/3/2010;179.9082;216.5;-360.228203;278.0799922;638.3081951;2194.428959;230.640352;-309.9;23.67204852;170896.0548;139300.3271;108349.3891;30950.938;18.89;10.66;4.5;21.4;79.4343611;88.27478897;96.18745833;85.23362889;
1/4/2010;165.4608;217.6;-377.6316498;237.5574084;615.1890582;2144.430748;219.0006795;380.9;24.23398381;173175.4331;139989.616;108859.4971;31130.11891;18.97;10.47;4.5;21;79.17007962;88.15502977;96.3403707;85.01564685;
1/5/2010;173.8944;218;-346.2115636;272.4931445;618.7047081;2146.613123;229.1860011;-263;24.11493669;173524.5432;139881.1031;109416.7356;30464.36748;18.78;10.26;4.5;21;79.08605814;87.03736717;95.83961256;83.67943823;
1/6/2010;171.0049;218.9;-334.9714997;265.9370291;600.9085288;2207.943233;218.3083697;-1025;25.20525516;174919.8752;139041.8698;108722.3739;30319.49592;18.89;10.07;4.5;21;78.6840068;86.44718396;95.48618615;83.00655056;
1/7/2010;162.529;220.3;-348.8718543;208.7958513;557.6677056;2129.017531;214.6744047;-668.2;25.75357415;175410.0724;138596.9317;108223.7345;30373.19718;18.88;9.73;4.5;20.4;78.20047244;86.53952104;95.55306456;83.10768183;
1/8/2010;166.6488;221.3;-364.9279103;214.0757768;579.0036871;2113.546375;220.8042624;722.5;25.93063704;175374.6746;138218.6422;107980.6611;30237.98109;18.64;9.48;4.5;20.2;77.95458333;86.52869871;95.39661853;83.14866911;
1/9/2010;175.1815;222.6;-382.6997852;196.5200131;579.2197982;2069.749006;209.4274106;-884.3;26.07889626;174374.0024;138806.0987;108452.5541;30353.54466;18.64;9.16;4.5;20.40093872;77.54440834;86.31523157;94.77873373;83.08009703;
1/10/2010;171.9956;224.7;-427.2045213;176.6758892;603.8804105;2113.18304;207.3017739;-608.4;26.89472877;177866.2186;140523.058;109326.6119;31196.44613;18.6;8.95;4.5;20.6;76.91535004;86.64653166;94.55917145;83.60871674;
1/11/2010;175.4771;226.6;-448.0454532;206.3918341;654.4372873;2270.168027;213.4345251;-1561.1;27.84672027;180694.9348;142070.2122;109199.6654;32870.54683;19.03;8.76;4.5;20.9;76.30251163;86.07775285;94.54588057;82.84152937;
1/12/2010;186.8913;226.6;-353.5442;288.9879916;642.5321915;2719.348869;221.2547669;-2172.2;29.66993019;183931.1943;142544.4638;107748.3868;34796.077;18.96;8.74;4.5;23.5;76.43363298;86.07141678;95.0866271;82.64023734;
1/1/2011;176.9603;227.6;-296.1313349;344.7729312;640.9042661;2802.625004;177.5520958;-27.8;26.74586401;187634.164;145306.2995;109112.3915;36193.908;18.97;8.72;4.5;21.2;76.46027995;85.96618523;96.18333165;82.62318689;
1/2/2011;179.4585;229.2;-222.8523852;404.0856972;626.9380824;2912.408205;209.7865791;-686.4;28.508558;193297.3831;145612.0696;108892.5907;36719.47893;18.98;8.71;4.5;20.5;76.30094723;86.23408996;96.78253569;82.79000982;
1/3/2011;190.7132;230.8;-366.6690619;406.1286283;772.7976902;2991.026167;255.9352222;-474.8;29.47982674;197169.8153;146011.2807;108971.832;37039.44872;18.93;8.63;4.5;20.3;76.51085606;86.72133374;97.31284559;83.26278996;
1/4/2011;175.1838;233.4;-292.5484994;398.0981106;690.6466101;3105.206401;234.9162081;2167.1;30.1894713;198467.2646;145836.0042;109143.1702;36692.83392;18.89;8.44;4.5;21.6;76.14574794;87.04066194;97.81139478;83.52705028;
1/5/2011;184.3049;234.8;-438.0203587;409.6558715;847.6762302;3056.844206;261.5053143;-1314.3;30.73186802;200030.8593;146479.0562;110168.6189;36310.4373;18.81;8.3;4.5;20.3;76.04779537;86.71961243;97.3991751;83.23448169;
1/6/2011;182.33;235.8;-456.3769493;390.4649915;846.8419408;3049.111822;240.1657872;-800.2;31.80845566;203522.2832;147264.9349;110387.0361;36877.89877;18.68;8.11;4.5;20.6;75.64418635;86.28275108;96.69017388;82.881178;
1/7/2011;175.8288;237.4;-496.7644574;275.3172086;772.081666;3105.836353;232.9693674;-674.3;31.73996115;203396.9587;148391.8074;110780.0599;37611.74751;18.24;7.99;4.5;20.2;75.11063691;85.8944895;96.51783593;82.42882135;
1/8/2011;185.6676;238.3;-517.5666471;244.1010277;761.6676748;2709.512438;246.119968;-874.8;30.83277733;200928.3677;149456.9303;112940.9809;36515.94944;18.32;7.88;4.5;20.01454485;74.93829466;85.3924698;96.02878409;81.9244295;
1/9/2011;182.032;237.8;-495.357999;246.924664;742.282663;2534.708976;225.7805721;1719.6;30.71592719;202248.5079;150928.8481;114404.0357;36524.8124;18.26;7.83;5;19.8;75.51148169;85.06393961;96.25694294;81.42993188;
1/10/2011;185.8219;238;-502.2967529;237.6944792;739.991232;2489.069982;221.2815329;-786.01;30.37738346;201387.5759;152082.7529;115930.5287;36152.2242;18.3;7.83;5;20.2;75.57227357;84.99304792;96.48177357;81.27111969;
1/11/2011;188.1837;238.9;-532.6029375;265.4188467;798.0217842;2471.230635;214.9522466;-736.19;30.23273168;204066.9112;155418.1187;117424.2801;37993.83861;18.22;7.81;5.5;20.24897895;75.18248761;84.59044701;96.74836877;80.67195971;
1/12/2011;198.6589;239.3;-439.1786484;337.1442748;776.3229232;2820.686359;228.4560485;-1076.34;32.03322379;208585.3204;158117.1505;117886.7527;40230.39781;18.1;7.92;5.5;21.23549601;74.97456817;84.34629199;97.14042305;80.24234285;
1/1/2012;181.512;239.8;-397.634198;342.5673449;740.2015429;2880.439062;189.1969692;-602.51;31.42306035;215189.6653;161380.607;119087.906;42292.70107;18.13;7.98;6;19.72487242;75.45454766;84.44967414;96.98803967;80.88996085;
1/2/2012;189.2533;242.1;-333.0687797;432.4795586;765.5483383;3016.471598;226.2601873;-823.49;32.13295219;218333.1984;163002.0813;119482.4259;43519.65546;18.19;8.09;6;19.66833204;75.36253332;84.92470238;96.94442532;81.49844195;
1/3/2012;202.5203;243.9;-378.1515497;503.900964;882.0525137;3068.312415;257.1072438;-1019.4;32.75781343;222141.8058;164888.8929;120130.8437;44758.04918;18.14;8.17;6;19.68891035;75.67907417;85.10746817;97.26501798;81.64457523;
1/4/2012;183.8135;246.6;-356.5774488;393.395082;749.9725307;2978.344382;241.9176775;2567.9;32.77975204;224381.4046;167361.8997;122491.0207;44870.879;18.13;8.22;6;20.02735433;75.32763399;84.5514388;97.04946567;81.00182798;
1/5/2012;193.4493;246.9;-401.7250628;415.6289854;817.3540482;2860.685193;260.0926932;-1414.8;32.03725181;221778.8964;169139.0548;123873.4173;45265.63748;18.04;8.37;7;20.03018958;75.43236385;84.09621605;97.26676384;80.3745786;
1/6/2012;192.2806;246.9;-356.8528024;384.808903;741.6617053;2784.462441;226.9262813;-2180.7;32.37832564;224266.42;169854.5461;124593.7193;45260.82681;18.17;8.52;7;18.89329242;75.62621189;83.90951525;97.3707175;80.11408185;
1/7/2012;185.8885;247.1;-367.0055075;383.4140157;750.4195233;2690.463952;243.8925808;-1774.2;33.12526849;224822.6164;170609.708;125927.3402;44682.36781;18.25;8.83;7;18.6830555;75.74637141;84.19859546;97.75350952;80.37797375;
1/8/2012;193.6086;248.6;-435.4776642;406.5617134;842.0393776;2505.999031;247.6607383;-1327.5;32.47314986;224884.116;172713.7797;128322.8516;44390.9281;18.44;9.15;7;18.89057845;76.02841259;84.55359638;97.68012398;80.8414716;
1/9/2012;188.785;250.4;-466.1963158;309.5035153;775.699831;2466.319575;225.91219;817.1;32.5483552;227057.7632;175592.9641;130907.3552;44685.60881;18.81;9.42;7;18.97745545;76.12502043;85.099219;97.36082882;81.60919946;
1/10/2012;199.9687;251.5;-535.3604839;275.8908463;811.2513303;2398.500382;247.6063875;328.9;32.2423743;227761.1065;178852.9093;132512.3383;46340.57107;18.89;9.81;7;19.00770916;76.04650944;85.328842;97.88711181;81.76079501;
1/11/2012;199.4824;251.9;-512.2681226;249.7001959;761.9683186;2376.112372;224.426419;-783.7;32.03910155;230705.0309;182105.8321;134536.4183;47569.41387;18.96;10.19;7;18.97209257;75.86494202;85.28900255;98.18457541;81.63365498;
1/12/2012;203.0957;252.2;-453.8990844;293.217297;747.1163814;2570.930835;250.8875653;-1801.9;32.16559763;232958.6401;184805.8753;135011.8551;49794.02021;19.24;10.5;7;19.24957968;75.86856382;85.73680734;98.73276782;82.05381645;
1/1/2013;189.6793;253.4;-427.8567541;379.5663503;807.4231044;2535.363806;223.497167;491.3;32.89829277;236286.1326;186311.1524;134718.0746;51593.07783;19.5;11.08;7;19.2356444;76.017113;86.16846332;97.94820793;82.51691401;
1/2/2013;192.6572;256.1;-367.456868;358.44281;725.899678;2465.071662;224.4218835;-756.5;32.91516052;237778.6651;187241.1155;134881.9085;52359.20697;19.67;11.48;7;18.7664818;76.13064526;86.15468464;98.09175518;82.45844252;
1/3/2013;196.3719;257.5;-298.1442329;381.3372343;679.4814671;3051.105498;241.5199355;-1626;35.85139922;240755.7469;189275.713;135883.6076;53392.10542;19.77;11.72;7;21.16165138;76.18493105;86.0328959;98.39355239;82.2171299;
1/4/2013;195.4881;258.1;-440.5707051;354.6631851;795.2338903;2954.936329;289.7284147;1456.1;36.62333882;244490.0295;189944.4228;136454.623;53489.7998;20.18;12.01;7;19.14006748;76.17873618;86.22194634;98.63488574;82.39070305;
1/5/2013;199.0046;258.8;-431.3816405;353.1376868;784.5193273;2839.766886;287.1737041;-1124.8;36.53694834;245526.4747;190896.9139;137247.7055;53649.2083;20.22;12.13;7;18.84195527;76.41662439;86.32053178;98.92881434;82.43383559;5.71
1/6/2013;194.3843;259.9;-367.5599905;319.9910738;687.5510643;2915.737989;245.282835;-1943.5;37.3541745;247940.3732;191667.5427;137567.2056;54100.33712;20.17;11.94;7;18.88639069;76.57539449;86.25319709;99.02352775;82.32118873;5.71
1/7/2013;190.4468;261;-496.1325134;308.3609859;804.4934993;2779.645649;282.5324784;-324.8;37.7552246;251154.1371;193613.6791;138323.8131;55289.86593;20.16;11.9;7;18.83144352;76.56832982;86.14550636;99.02805436;82.18243349;6.52
1/8/2013;196.6642;262;-479.8385694;287.212562;767.0511314;2655.839496;262.3897817;-757.6;37.74142077;253572.9844;195914.97;140063.3513;55851.61875;20.28;11.75;7;18.92716595;76.37860501;86.02594235;98.44169825;82.19464997;7.37
1/9/2013;191.3226;262.8;-443.3010918;289.9567516;733.2578434;2561.184044;258.016369;1172.6;38.05296465;255766.2117;198361.3633;142363.5794;55997.78395;20.13;11.58;7;18.92519367;76.48186601;86.19202628;98.36480393;82.42879599;7.37
1/10/2013;201.7942;263.1;-528.3492682;269.3190319;797.6683001;2499.938639;268.7662845;-913.3;38.38478638;257559.6645;204346.2467;145848.6256;58497.62113;20.25;11.46;7;19.14008019;76.21883247;86.32707131;98.06715946;82.68627085;7.49
1/11/2013;201.5363;263.8;-518.1544767;288.8541246;807.0086013;2383.410698;236.0102895;-1866.3;38.67464253;259760.8494;207119.0619;147157.4897;59961.57223;20.24;11.4;7;18.86117822;75.93203964;85.99620435;98.39538795;82.16970171;6.83
1/12/2013;213.5742;264.6;-424.1479595;338.5436891;762.6916486;3055.936309;273.9384162;-7054.5;41.97004718;260020.0976;209938.3674;148681.415;61256.95242;20.28;11.34;7;19.4739395;75.85637324;86.22488299;98.74700803;82.36283035;6.83
1/1/2014;194.2047;268.6;-339.1635424;341.1;680.2635424;2925.711205;232.4398674;521.6;39.96700676;265382.5593;211513.8155;148275.6068;63238.2087;20.55;11.14;7;19.03184206;75.12333724;84.95771396;97.28381417;80.94302274;6.83
1/2/2014;197.58;270.8;-370.5598129;328.3;698.8598129;3006.114025;224.8193526;-873.15;40.47879133;268870.5561;213032.9519;148837.1781;64195.77374;20.36;11.24;7;18.84189894;74.95951613;84.59061078;96.70719451;80.63977168;6.83
1/3/2014;205.4112;272.4;-432.0801723;358.8;790.8801723;3069.078204;278.792337;-1236.63;40.72075717;272333.3841;214688.2907;149074.7661;65613.52453;20.62;11.16;7;18.78530282;75.20422159;84.72326089;96.15353924;80.9774137;6.83
1/4/2014;197.3631;273.5;-408.9408642;362.4;771.3408642;3161.260955;320.3588649;2949.23;41.19372152;275954.9005;216342.4918;150911.9248;65430.56707;20.59;11.04;7;19.24832146;75.30922167;84.89058831;96.1552967;81.194034;4.79
1/5/2014;207.029;274.9;-459.7802619;412.4;872.1802619;3211.580987;308.5122316;-5.05;41.04892452;276599.5583;217224.2224;151818.6739;65405.54851;20.69;10.94;7;18.6493454;75.3562446;84.86056623;96.03464578;81.19147739;4.87
1/6/2014;198.0916;276.1;-397.9586386;389.5;787.4586386;3172.983743;282.6478664;-228.9;40.68510573;276787.2255;219420.6814;152933.111;66487.57038;20.58;10.87;7;18.96845858;75.52530094;84.94678558;96.23214818;81.2438028;4.87
1/7/2014;194.1799;278.2;-431.1213126;361.8502378;792.9715504;3148.277492;285.9969884;522.74;41.09496364;278684.3308;219544.5422;154712.5158;64832.02631;20.48;10.73;7;18.77949244;75.08715711;84.63923868;96.51053063;80.7614206;4.49
1/8/2014;199.2141;278.6;-509.4350098;302.9551877;812.3901975;3153.043999;277.4527876;-475.34846;41.56366755;283480.7691;222446.1396;157200.5365;65245.60306;20.54;10.65;7;18.59982088;75.15405257;84.60423635;96.8770443;80.60684571;4.87
1/9/2014;197.7334;278.9;-498.7570192;284.8640425;783.6210617;3028.30875;304.7458611;1742.52846;40.75330668;282769.7914;224797.5962;158605.657;66191.93914;20.71;10.58;7;18.67129113;75.54421392;84.68702973;97.62605071;80.49211726;4.87
1/10/2014;205.4973;279.7;-488.5025453;300.3023767;788.804922;3018.38467;305.8072668;92.58;40.58640191;285245.9387;228154.2499;160832.7504;67321.49949;20.86;10.53;7;18.77402155;75.57822356;84.5566468;98.23625142;80.14532639;4.1
1/11/2014;203.2565;280.7;-493.9709396;267.3997301;761.3706697;3066.913644;291.4199422;-402.1;40.70734801;289259.4655;231519.8637;163144.7128;68375.15099;20.72;10.49;7;18.5413986;75.1336838;83.94210342;98.36663912;79.31814333;4.1
1/12/2014;221.7185;280;-407.9987236;362.7023414;770.701065;3516.483462;324.1034857;-2925;42.35177572;291095.4454;234000.0266;164548.0666;69451.95993;20.65;10.51;7;18.87929806;75.31771304;83.63777625;98.81944269;78.79866794;4.3
1/1/2015;200.8233;278.9;-401.7657433;330.6652404;732.4309836;3407.623062;256.7912803;601.8;40.22240108;292397.8645;234535.2195;164671.3877;69863.83185;20.78;10.41;7;18.50110265;75.71739587;83.65586556;100.094263;78.46538264;4.3
1/2/2015;202.0184;280.7;-419.7246739;380.644332;800.3690059;3477.826662;269.9888253;-326.4;41.07985567;298775.3407;236986.172;165192.8377;71793.33428;20.84;10.36;6.75;18.53959154;76.15092695;83.68874695;100.2454166;78.46495255;4.3
1/3/2015;214.0579;282.6;-435.620687;441.7893721;877.4100591;3583.920327;328.7403393;926.9;41.56886084;304791.8737;238597.4392;165955.708;72641.73121;20.67;10.05;6.5;18.39081819;76.30002057;83.07279012;100.3583985;77.6510424;4.3
1/4/2015;206.3857;283.3;-392.4121299;400.9690649;793.3811948;3649.183877;307.6067264;4409.3;42.20572173;309746.8638;239946.8697;166663.64;73283.2297;20.68;10.13;6.5;18.30126952;76.63113782;83.51834736;100.4009988;78.20491085;4.59
1/5/2015;206.6597;284.5;-465.4550774;375.7689299;841.2240073;3754.53251;322.4032;44.4;42.33307693;308426.3451;239934.9837;168436.6914;71498.29223;21.25;9.96;6.5;18.47454869;76.68807883;83.67650068;100.2124748;78.45857797;4.04
1/6/2015;206.1342;286.1;-415.9703551;374.8623811;790.8327363;3872.492137;325.733843;-581;42.5062118;309613.254;241403.5063;170510.171;70893.3353;20.88;9.81;6.5;18.49924122;76.48068422;83.18968107;99.79795528;77.95506626;4.03
1/7/2015;201.9414;287.1;-525.040593;309.2616444;834.3022374;3795.860175;322.5255183;324.2;42.17032396;308914.6503;242222.3955;171928.3143;70294.08125;20.79;9.67;6.25;18.35219849;76.20001073;82.37174462;99.47004584;77.00720068;3.84
1/8/2015;207.7766;287.2;-451.3219158;262.4567522;713.7786681;3743.634174;319.4340923;-415.2572477;42.55295459;312538.7863;245499.3279;174627.8626;70871.46532;20.85;9.39;6.25;18.46454784;76.2794237;82.07132719;99.56772809;76.59947052;3.84
1/9/2015;204.9097;286.6;-507.161129;245.397304;752.558433;3672.577831;321.2758923;2347.757248;42.69891064;315031.0644;247589.2034;176507.1345;71082.0689;20.71;9.2;6.25;18.36394049;76.20646378;81.87948582;99.17823597;76.46352287;4.56
1/10/2015;213.8149;286.8;-502.2975211;265.7018371;767.9993582;3581.527833;307.32428;824.2;42.06465259;316877.5977;250033.4122;178467.0844;71566.32774;20.28;9.08;6.25;18.49643263;76.59256188;82.72564304;100.4672945;77.18113231;4.82
1/11/2015;214.7271;286.6;-484.0470498;258.6612394;742.7082892;3543.45196;301.6678951;-333.2;41.77330444;320149.9321;253693.1668;181545.6254;72147.54137;20.13;9.4;6.25;18.56625991;76.69392722;82.52587601;101.1720832;76.73654775;4.82
1/12/2015;231.3972;286.6;-464.3499133;312.9424749;777.2923882;3822.265;343.1847842;-4303.8;42.59249378;323809.178;256181.2101;182833.676;73347.53406;20.02;8.94;6.25;18.61912272;76.93375811;82.8305793;102.1622725;76.85356857;4.3
1/1/2016;207.868;287.5;-322.9817897;324.2876974;647.2694871;3737.218354;264.969935;1881.4;41.42082192;326429;257730.2097;183336.8199;74393.38976;20.01;9.17;6.25;18.42554595;77.3859989;83.24554202;102.9610657;77.3979149;4.3
1/2/2016;210.5623;288.9;-307.2751464;354.8406937;662.1158401;3775.088742;310.4599374;-94.2;41.88554638;331933.1524;261406.5025;186100.0211;75306.48141;19.75;8.89;6.25;18.41381557;77.5297883;83.72429145;103.023258;77.98001039;5.14
1/3/2016;220.5094;289.6;-372.4952235;347.2808726;719.7760961;3825.113071;337.8792481;-376;42.42953865;333525.2226;261305.5638;186164.5598;75141.004;19.65;8.83;5.75;20.04503503;77.80814648;84.39915944;102.7405955;78.8993686;4.72
1/4/2016;211.0718;290.2;-347.4012014;386.9584994;734.3597007;3899.59994;325.6206429;6232.9;42.77405652;335501.5931;261861.8368;188010.3084;73851.52838;19.64;9.11;5.75;18.54680595;77.89179618;84.67183932;102.333067;79.34980933;4.62
1/5/2016;214.4461;291.2;-364.6634258;366.8026987;731.4661245;3892.589119;358.4033658;593.4;42.12083719;333381.0432;263141.5388;190557.5654;72583.97341;19.55;8.64;5.75;19.12227747;77.99961869;84.42330048;102.6777832;78.94621306;4.62
1/6/2016;215.9955;293.1;-403.7755216;355.4991647;759.2746863;3955.645809;327.561286;-406.7;42.49232616;336419.0348;264273.2558;191826.4475;72446.80823;19.39;8.54;5.5;18.61772041;78.20833351;84.31524276;102.6202418;78.82571022;4.23
1/7/2016;205.6072;294;-446.7151856;292.0403321;738.7555176;3845.27129;316.4668794;156.2;41.86932633;333310.5546;265711.7954;193408.8875;72302.90788;19.23;8.48;5.5;18.51942963;78.17727319;84.3871;103.1730757;78.77076946;4.41
1/8/2016;215.9771;294.4;-480.4282181;317.3314185;797.7596365;3776.689237;359.8674198;36.1;41.98076877;335881.8287;267339.9323;194993.076;72346.8563;19.14;8.48;5.5;17.53670401;78.31232777;84.69502347;103.4080458;79.09525243;3.58
1/9/2016;212.3126;294.9;-556.4504457;244.2394587;800.6899044;3706.393701;325.8154081;1695.170711;41.83251153;338321.8078;271203.3188;198316.0969;72887.22189;19;8.51;5.5;17.40981835;78.62982207;84.74931939;103.2820862;79.19640994;3.58
1/10/2016;220.7558;294.9;-479.4804421;261.9151475;741.3955896;3732.618614;322.3707083;300.0292887;41.41198559;332906.5282;273067.2241;200306.7787;72760.44534;18.91;8.5;5.5;17.43170737;79.12504509;85.19889802;104.2117509;79.51646689;3.58
1/11/2016;227.5912;295.3;-489.5878839;308.609852;798.1977358;3679.954891;339.0863675;-325.4634762;40.9309253;338782.8956;278443.6087;203415.9488;75027.65993;18.94;8.41;5.5;17.70354488;79.23326632;84.584551;104.5725972;78.65435679;3.71
1/12/2016;245.5799;296.1;-454.2036578;327.486815;781.6904728;3887.605015;360.5293104;-2187.836524;40.82223569;343597.3958;281456.0934;204781.6912;76674.40221;18.79;8.17;5.5;17.39883183;79.98474764;85.0167542;105.6772303;78.90980747;4.51
1/1/2017;219.855;297.4;-313.3572262;394.8743116;708.2315378;4445.986186;302.8014613;2091.5;42.42631283;348088.3603;284525.0548;207355.8725;77169.18232;19.78;8.51;5.5;17.4;80.54779211;85.54037599;106.2551169;79.41634121;4.51
1/2/2017;221.488;300;-320.5273208;421.6686277;742.1959485;4508.224968;336.9442163;12.6;42.85933188;354520.4283;283679.204;206324.3521;77354.8519;19.75;8.52;5.5;17.5;80.03270212;85.48106961;105.988252;79.41080515;3.5
1/3/2017;234.2152;301;-374.8233196;430.2195923;805.0429118;4480.394172;397.943874;-491.2;43.32451097;356157.5165;283997.9002;207218.8885;76779.01169;19.7;8.06;5.5;17.4;79.58335132;85.36122764;105.5993722;79.36123877;3.39
1/4/2017;218.0025;302.1;-302.9037672;417.69031;720.5940772;4440.442068;343.2876271;6455.5;43.57696061;357859.6191;283229.1168;207939.4853;75289.63156;19.71;8.34;5.5;17.5;79.42150558;85.36071176;105.2865646;79.44128387;3.39
1/5/2017;225.5002;303;-381.4372195;464.8435267;846.2807461;4412.952298;430.8530059;771.8;43.20111873;358881.1675;286051.8578;211236.9882;74814.86962;19.55;8.33;5.5;17.3;79.28077785;85.38871871;104.8082459;79.60034099;3.19
1/6/2017;225.7238;303.8;-421.0435746;422.1323257;843.1759003;4522.419017;368.4154047;-162.3;44.14406783;363000.3839;287279.2995;212447.3682;74831.93128;19.39;8.05;5.5;17.3;79.05342927;85.60415953;104.7741375;79.87899694;3.23
1/7/2017;216.5842;304.7;-403.0875714;389.5321773;792.6197487;4472.812138;374.1227063;208.5;44.14454898;365154.3815;289202.5032;214734.2297;74468.2735;19.35;8.25;5.5;17.2;78.7362353;85.84306143;105.1329873;80.08457476;3.23
1/8/2017;228.9531;305.7;-502.9903662;346.9187985;849.9091647;4470.414898;400.9586995;-1199.9;44.01872107;366577.9319;291521.0245;216717.4545;74803.56999;19.37;8.21;5.5;17.2;78.50329343;85.99858381;104.3765947;80.47823933;2.98
1/9/2017;226.0266;305.7;-557.6640076;312.8807171;870.5447247;4516.842434;351.1416735;5462.7;44.1570535;368001.2881;294301.9045;219796.6945;74505.21006;19.31;8.15;5.5;17.2;78.95458042;86.52447765;104.1159034;81.20918645;2.78
1/10/2017;232.5375;306.6;-532.5120625;291.7344833;824.2465458;4521.790972;395.6015479;94.46621916;44.40585706;370308.1659;296634.4469;220663.8977;75970.54921;18.5;8.29;5.5;17.2;78.95329249;86.07918383;104.4360981;80.56378943;2.78
1/11/2017;235.5457;308.1;-572.5937358;318.9118202;891.505556;4481.318565;363.6777948;-1271.926829;44.27778145;375125.7677;301956.8782;223166.2586;78790.61963;18.45;8.35;5.5;17.26;78.91266362;86.1487249;105.0589412;80.48707263;2.54
1/12/2017;251.0494;310.1;-437.2569312;352.796081;790.0530122;4785.640786;372.5728511;-1023.570481;44.46992709;381175.3524;304056.2173;223536.457;80519.76031;18.24;7.99;5.5;17.26508427;78.32335026;85.83173883;104.9086416;80.12900774;2.65
1/1/2018;228.803;311;-424.6831299;413.7148263;838.3979562;4674.028976;342.1678447;2553.227067;43.74939706;391021.0225;313359.7184;230289.3826;83070.33575;18.09;8.33;5.5;17.25769294;78.62896056;86.89422446;104.7102014;81.33293436;2.65
1/2/2018;228.6705;313;-307.9862863;437.9542094;745.9404956;4764.165179;349.0868532;907.95;44.26311005;394312.7424;314922.7377;229917.147;85005.59075;18.16;8.35;5.5;17.34366011;78.39367141;86.88561442;103.7638244;81.58427633;2.14
1/3/2018;238.2004;314.1;-401.567243;414.6029214;816.1701645;4832.143437;386.3532552;-1058.09;44.44664354;397454.6083;317281.1194;231160.4057;86120.71367;18.19;8.17;5.5;17.89087795;78.47022934;86.89869416;103.5951939;81.6479944;2.63
1/4/2018;227.3572;314.8;-456.6308809;413.5015706;870.1324515;4873.457625;426.0353672;7389.18;44.92534831;403553.4984;320802.3478;234606.8871;86195.46076;18.02;8.31;5.5;17.37585006;78.72383184;87.02071214;103.5218924;81.82387181;2.63
1/5/2018;234.6754;315.1;-538.5752147;413.0275463;951.602761;4890.554671;456.4300618;324.06;44.35778669;406374.3266;325424.3736;237410.4447;88013.92897;18.02;8.3;5.5;17.34099679;79.47740806;86.73466926;104.0776021;81.30523041;2.67
1/6/2018;233.2777;316.4;-501.1343184;392.4162236;893.5505419;4884.741211;397.575377;-50.04;44.56282961;411759.3301;326828.3303;238562.6392;88265.69106;17.71;8.17;5.5;17.40936606;79.78000193;86.49629522;104.3160874;80.93696105;3.02
1/7/2018;225.9708;317.6;-519.3964506;370.1116881;889.5081387;4813.832981;427.6143886;1557.23;44.47116881;412965.6801;329891.3331;240146.715;89744.61811;17.55;8.37;5.5;17.39802324;79.59532016;86.35850518;104.2342858;80.7848237;3.02
1/8/2018;238.4548;319;-585.7398711;361.2281842;946.9680553;4726.708538;438.0946096;-220.41;43.91383774;415666.4078;334793.3345;244147.8804;90645.45411;17.54;8.26;5.5;17.5;79.32788503;85.84785729;103.8381406;80.24669737;2.46
1/9/2018;232.0597;319.1;-587.4260569;282.4821191;869.9081761;4629.7832;391.5732296;5134.84;43.46446572;417063.1748;337626.7056;247369.0601;90257.64549;17.64;8.34;5.5;17.50311703;79.53306813;85.95709125;103.1791046;80.56675512;2.46
1/10/2018;244.9641;320.9;-567.3398237;285.5524629;852.8922866;4612.667406;440.4962652;3067.13;43.35239661;419350.1205;341155.0716;250493.2334;90661.83816;17.65;8.35;5.5;17.5673462;79.34118505;85.41339802;102.3732573;80.09962862;2.36
1/11/2018;244.7634;322.6;-649.9387967;293.104245;943.0430417;4462.955856;400.3609342;-1000.292465;43.08515976;422713.3222;346718.2782;254200.9602;92517.31796;17.64;8.35;5.5;17.64682053;79.14350295;84.75611983;101.9623484;79.37892919;2.9
1/12/2018;264.0028;323.2;-565.6722953;300.7101114;866.3824068;4853.138645;428.4602287;-4481.03;43.43943105;430774.3773;351440.4962;256530.7431;94909.75305;17.43;8.28;5.5;17.4797456;79.08966863;84.94632011;102.2490122;79.54109685;2.9
1/1/2019;235.338;323.3;-472.4639224;350.5086331;822.9725556;4788.862952;386.0324045;-4481.03;43.43943105;434590.1366;354012.9831;256708.0039;97304.97917;17.4;8.34;5.75;17.50762031;79.24380899;85.02231056;100.4642938;80.25158944;2.9
1/2/2019;234.7377;325.8;-472.4639224;350.5086331;822.9725556;4788.862952;386.0324045;-4481.03;43.43943105;434590.1366;354012.9831;256708.0039;97304.97917;17.4;8.34;5.75;17.50762031;79.11842041;84.74801891;99.90096446;80.05891674;2.8
